opis_id,latitude,longitude,location_precision
7,36.537870,-95.221360,city
9,44.019207,-90.501948,poi
20,32.930378,-112.673147,poi
28,35.314809,-94.401686,poi
35,40.926210,-75.092680,city
36,38.745950,-78.642240,city
44,30.774812,-97.627464,poi
46,32.394860,-85.916900,city
49,38.959220,-85.890250,city
50,41.261940,-95.860830,city
56,46.813880,-100.291500,city
75,38.478320,-107.876170,city
77,38.556500,-75.571310,city
79,39.659480,-75.563590,city
81,27.521710,-82.527600,city
85,39.764710,-105.600280,city
91,33.554020,-82.895980,city
105,43.359470,-83.881640,city
118,35.353910,-109.053700,city
121,32.755900,-111.554840,city
127,37.802672,-87.639533,poi
128,39.120040,-88.543380,city
135,41.410951,-90.018004,poi
147,40.113584,-85.572549,poi
149,41.130600,-85.128860,city
151,40.929450,-100.160680,city
159,30.371282,-81.763612,city
160,30.451742,-90.957509,poi
164,41.575040,-87.238920,city
167,41.318650,-87.200310,city
174,31.603510,-94.655490,city
184,41.235787,-95.880694,poi
186,44.263966,-104.944466,poi
187,42.763310,-93.368260,city
191,43.132966,-93.353009,poi
192,41.503320,-94.318570,city
195,35.146480,-90.184540,city
198,40.547760,-103.269660,city
199,38.840280,-97.611420,city
203,41.567405,-87.472782,poi
207,39.014667,-83.809643,poi
216,30.408207,-88.757944,poi
217,38.884693,-97.612255,poi
231,38.025630,-84.495220,city
235,29.187200,-82.140090,city
240,30.452140,-91.210110,city
243,41.137530,-87.448640,city
244,30.235760,-92.185400,city
248,29.982675,-90.057494,poi
250,38.896005,-99.317084,poi
253,35.154167,-90.139077,poi
256,39.695080,-79.151140,city
257,47.500240,-111.300810,city
263,41.931567,-86.569861,poi
267,37.752800,-100.017080,city
269,41.963304,-83.353685,city
278,38.968380,-87.405570,city
281,39.296139,-85.958148,poi
289,38.971670,-95.235250,city
292,37.270340,-95.552480,city
293,38.159180,-96.560570,city
304,42.101480,-72.589810,city
309,39.071681,-94.607072,poi
323,41.128050,-101.719620,city
326,41.409110,-112.036060,city
341,30.081500,-81.547740,city
347,41.575870,-87.176150,city
358,42.098690,-75.917970,city
361,30.314650,-81.849586,city
368,43.196180,-73.651780,city
372,41.583370,-87.500040,city
381,31.937732,-95.250423,poi
387,32.684427,-114.651134,poi
388,40.264944,-82.924381,poi
391,41.010060,-81.862360,city
403,39.961730,-82.491270,city
407,41.557000,-83.627160,city
421,35.467560,-97.516430,city
424,35.497560,-97.268920,city
425,32.540440,-82.903750,city
442,42.101630,-102.872150,city
455,37.939885,-77.466145,poi
456,41.125330,-84.853300,city
458,40.411110,-95.516930,city
460,33.924310,-81.393710,city
461,33.552669,-80.827895,poi
469,37.473365,-105.856775,poi
474,32.425635,-88.448042,poi
478,48.969677,-97.255006,poi
483,36.682800,-101.481550,city
486,27.506410,-99.507540,city
489,46.975520,-109.696850,city
491,36.081750,-84.053800,city
496,35.998771,-83.778326,city
509,31.040290,-104.830730,city
522,39.984790,-81.458450,city
523,34.262885,-83.816288,poi
525,33.607620,-88.650330,city
546,41.430600,-86.898360,city
557,41.366844,-89.152476,poi
559,34.866760,-92.404320,city
566,41.593370,-87.346430,city
567,32.755900,-111.554840,city
572,41.130600,-85.128860,city
576,30.236870,-92.505970,city
578,45.543712,-122.392300,poi
579,41.587460,-109.202900,city
586,46.206800,-119.768920,city
588,31.205180,-85.381880,city
591,38.983350,-93.568550,city
599,41.118149,-102.950215,poi
602,43.642290,-72.251760,city
614,41.527590,-74.236820,city
628,39.662010,-82.433490,city
629,53.571486,-113.613139,poi
636,44.636510,-123.105930,city
651,35.842520,-88.084471,poi
652,35.960640,-83.920740,city
659,50.341473,-113.765371,poi
669,31.911490,-106.600270,city
672,39.842340,-75.196290,city
680,45.304410,-97.036470,city
684,42.158685,-78.991061,poi
689,37.692240,-97.337540,city
692,41.027304,-92.401756,poi
739,38.573130,-82.830170,city
748,40.385578,-104.688420,poi
769,40.359490,-91.455430,city
815,43.009227,-89.901434,poi
855,42.307403,-87.877019,poi
863,32.750440,-81.636780,city
906,35.157880,-90.138138,poi
908,33.296117,-86.812292,poi
912,33.348720,-87.014160,city
936,35.066190,-92.422523,poi
970,33.571824,-112.065921,city
977,33.661468,-114.236132,poi
981,43.190470,-112.344980,city
982,32.670821,-114.520689,poi
1028,39.659480,-75.563590,city
1042,30.189680,-82.639290,city
1043,30.189680,-82.639290,city
1047,30.774360,-85.226870,city
1075,32.490421,-82.934384,poi
1106,33.472601,-82.496496,poi
1112,42.017770,-95.355280,city
1115,42.570838,-92.786336,poi
1121,42.605750,-114.210860,city
1128,42.428630,-87.923970,city
1132,38.151160,-88.903960,city
1136,40.123939,-87.779528,poi
1140,39.590765,-89.653040,poi
1149,39.785040,-85.769420,city
1151,39.794681,-85.530387,poi
1154,30.087160,-97.500830,city
1156,39.508544,-85.751340,poi
1157,39.433046,-87.331917,poi
1158,41.473090,-87.061140,city
1163,38.423121,-96.216281,poi
1176,38.209800,-84.558830,city
1179,37.826989,-85.724486,poi
1196,30.779900,-91.376500,city
1199,42.525090,-71.759790,city
1202,39.560110,-76.071340,city
1204,39.120040,-88.543380,city
1208,42.376913,-85.651302,poi
1210,42.217820,-85.891120,city
1217,43.666344,-92.989118,poi
1218,46.335876,-94.484044,poi
1225,39.332198,-91.178609,poi
1234,37.495050,-94.276610,city
1236,39.794210,-91.523210,city
1240,38.704460,-93.228260,city
1247,36.728120,-91.852370,city
1251,34.912612,-88.499126,poi
1256,33.372255,-91.075320,poi
1265,34.828150,-89.564530,city
1304,36.067591,-79.314085,poi
1315,35.332768,-79.046197,city
1325,34.223944,-77.944195,poi
1326,35.714956,-77.894521,city
1333,40.940624,-98.359298,city
1340,40.122315,-74.707224,poi
1342,40.860030,-74.312867,poi
1344,41.088710,-74.143760,city
1348,40.007060,-75.028230,city
1356,35.183868,-107.899971,poi
1364,41.670880,-86.615850,city
1372,40.749571,-81.403398,poi
1376,40.742550,-84.105230,city
1379,41.010060,-81.862360,city
1384,41.584500,-84.605510,city
1391,36.528920,-97.443940,city
1395,35.515610,-98.967310,city
1404,40.141700,-87.394740,city
1414,39.999250,-78.238620,city
1424,39.830930,-77.231100,city
1428,40.367868,-86.860208,city
1432,40.214260,-77.008590,city
1444,34.192024,-80.686681,poi
1445,41.136097,-104.707244,poi
1447,35.151529,-81.859841,city
1453,34.002600,-85.041610,city
1455,34.267283,-79.733296,poi
1461,35.054116,-82.109110,poi
1464,34.074416,-81.154698,poi
1470,33.427433,-81.877865,poi
1479,34.937900,-82.145110,city
1487,36.163160,-82.830990,city
1492,35.123461,-85.240234,city
1507,35.121023,-89.799522,poi
1516,35.191482,-101.761808,city
1531,39.521440,-85.776920,city
1533,33.181200,-102.274350,city
1546,28.667484,-99.184457,poi
1548,35.872695,-101.973577,city
1552,27.883158,-98.618364,poi
1555,39.299160,-102.869100,city
1560,42.567560,-79.112820,city
1562,35.781450,-88.360320,city
1567,41.594015,-93.634438,city
1579,46.003820,-112.534740,city
1582,35.191482,-101.761808,city
1585,32.318720,-102.545720,city
1590,41.578439,-87.239465,poi
1596,35.470800,-108.442060,city
1597,40.181740,-80.133110,city
1599,42.596180,-76.093260,city
1602,31.177189,-88.934822,poi
1606,48.051760,-122.177080,city
1610,39.290380,-76.612190,city
1618,38.818700,-81.710690,city
1621,33.427448,-86.707880,city
1622,33.224027,-97.768546,poi
1623,39.783966,-104.904609,poi
1625,33.348770,-80.682870,city
1632,32.296079,-106.810288,poi
1633,29.309586,-98.615219,poi
1634,42.871288,-87.944828,poi
1644,32.445950,-100.538720,city
1646,41.360638,-86.312641,poi
1647,41.578834,-87.508675,poi
1653,41.830746,-87.694421,poi
1654,30.847483,-96.968083,poi
1661,32.520432,-92.364168,poi
1669,42.947850,-74.370410,city
1670,37.084230,-94.513280,city
1671,35.306270,-78.608900,city
1672,35.222000,-101.831300,city
1699,33.173170,-86.251640,city
1700,33.031790,-94.721870,city
1720,37.043080,-100.921000,city
1749,30.432980,-93.962400,city
1753,31.884880,-97.073340,city
1773,43.395580,-85.467820,city
1791,31.967992,-102.252339,city
1807,35.218796,-101.381664,poi
1810,36.400030,-100.802650,city
1829,27.243930,-80.829780,city
1832,31.187804,-89.251120,poi
1834,32.488931,-94.358712,poi
1849,31.426987,-100.512105,poi
1855,42.812250,-85.722810,city
1858,29.424120,-98.493630,city
1859,38.664540,-80.709820,city
1860,38.875620,-84.610220,city
1861,35.189440,-114.053010,city
1866,42.116710,-86.454190,city
1873,41.829770,-86.254180,city
1874,32.703436,-96.605041,poi
1879,44.649690,-93.242720,city
1888,31.836250,-100.984830,city
1889,36.332047,-102.074001,poi
1893,32.735960,-96.275260,city
1894,28.486991,-98.143575,poi
1897,32.458548,-99.856006,city
1905,33.656220,-96.906950,city
1909,37.761417,-113.055768,poi
1914,38.995537,-110.185060,poi
1921,40.646060,-111.497970,city
1923,38.957740,-111.859930,city
1930,37.267849,-97.410261,poi
1931,40.871610,-111.892160,city
1934,36.851230,-80.912020,city
1936,36.596490,-82.188470,city
1940,37.082959,-80.691085,poi
1944,36.585410,-80.761180,city
1950,38.339903,-77.073828,poi
1951,38.137762,-79.069653,poi
1953,38.137360,-78.187780,city
1954,36.721901,-76.639094,poi
1956,38.946500,-78.439170,city
1958,36.936055,-80.994217,poi
1960,44.260060,-72.575390,city
1962,38.347886,-82.941540,poi
1976,47.659660,-117.429080,city
1977,46.439830,-122.846780,city
1983,45.100326,-91.508792,poi
1985,43.918799,-90.260256,poi
2000,45.099980,-87.630660,city
2002,46.706416,-92.048307,city
2009,43.749795,-87.745770,city
2020,39.658690,-79.641160,city
2021,38.419250,-82.445150,city
2022,38.535650,-81.034830,city
2029,42.840520,-106.365860,city
2030,42.866630,-106.313080,city
2034,41.139980,-104.820250,city
2040,42.759690,-105.382210,city
2041,41.177305,-104.076233,poi
2044,41.675067,-107.976792,poi
2074,29.452103,-98.514623,poi
2076,33.594260,-99.260350,city
2078,33.437310,-101.643490,city
2084,31.570130,-103.000990,city
2087,41.735490,-111.834390,city
2088,38.788760,-112.081747,poi
2089,41.965480,-112.709700,city
2115,43.531418,-89.985323,poi
2125,41.311370,-105.591100,city
2144,39.623710,-77.410820,city
2152,43.652180,-94.461080,city
2167,45.496314,-94.148685,poi
2182,37.932468,-79.232704,poi
2192,38.200110,-80.851210,city
2194,39.052020,-82.636550,city
2196,41.157560,-81.242050,city
2204,34.047050,-87.549740,city
2209,34.769540,-92.267090,city
2219,34.119873,-83.761468,poi
2223,32.367120,-81.884000,city
2227,41.709195,-88.206451,poi
2231,38.589238,-90.257065,poi
2255,41.566160,-83.424650,city
2267,36.529754,-86.648009,poi
2283,27.896725,-81.845184,poi
2287,40.018690,-78.503910,city
2306,34.853580,-81.006926,poi
2310,35.123461,-85.240234,city
2311,35.710070,-86.399440,city
2331,36.835430,-76.298270,city
2336,36.948450,-81.084810,city
2340,45.546070,-90.286540,city
2557,32.975120,-96.332480,city
2602,39.543322,-84.290303,poi
2623,42.682790,-89.018720,city
2626,41.791070,-107.238660,city
2629,39.729560,-75.467970,city
2635,45.230950,-122.755930,city
2638,43.024960,-108.380100,city
2640,38.384161,-89.370375,poi
2644,40.050260,-105.049980,city
2756,39.178000,-81.512070,city
2761,39.893890,-96.879470,city
2764,36.859571,-101.208156,poi
2765,38.095740,-102.620473,poi
2772,41.743982,-84.999449,poi
2779,42.572814,-113.730282,poi
2788,44.154230,-72.047040,city
2805,42.428530,-112.124410,city
2807,36.586655,-87.413574,poi
2811,43.051269,-76.562519,poi
2817,46.675714,-122.977936,poi
2848,33.493650,-112.937120,city
2851,32.684471,-114.649665,city
2862,32.408480,-91.186780,city
2864,36.841162,-94.409283,city
2875,38.308364,-104.616519,poi
2883,29.187200,-82.140090,city
2885,30.903800,-84.575470,city
2889,34.480205,-87.273037,poi
2891,39.534910,-119.752690,city
2895,40.489790,-81.445670,city
2896,46.416550,-117.017660,city
2897,41.368447,-110.301994,poi
2910,46.877190,-96.789800,city
2913,36.037628,-83.444895,poi
2915,43.033250,-112.438310,city
2917,37.276810,-79.100850,city
2922,35.107562,-106.648985,city
2923,37.928750,-77.455820,city
2924,30.920200,-93.996580,city
2926,40.355803,-76.727713,poi
2929,46.861617,-99.916689,poi
2935,30.314650,-81.849586,city
2937,38.875620,-84.610220,city
2956,35.270469,-80.838342,poi
2963,46.910540,-98.708440,city
2967,41.557000,-83.627160,city
2968,32.509310,-92.119300,city
2977,43.833880,-101.509870,city
2982,33.591770,-85.897190,city
3003,32.325700,-90.927050,city
3008,30.331975,-82.960281,poi
3022,39.790370,-77.727770,city
3030,36.047010,-90.292880,city
3064,38.087230,-102.620750,city
3086,37.450233,-79.121162,poi
3093,45.180520,-89.683460,city
3096,31.268387,-85.416916,poi
3118,44.980581,-73.460462,poi
3128,33.294570,-83.966020,city
3138,39.109208,-108.641023,poi
3139,35.601160,-98.118670,city
3148,36.868960,-94.368000,city
3155,34.731200,-87.702530,city
3163,36.089116,-95.957305,city
3164,36.089116,-95.957305,city
3165,36.678370,-97.310040,city
3167,33.831220,-87.277510,city
3171,36.162840,-85.501640,city
3176,41.449084,-85.844952,poi
3178,47.380930,-122.234840,city
3179,41.588276,-87.239227,poi
3191,35.481740,-86.088600,city
3205,43.982470,-96.814500,city
3206,46.594400,-95.572540,city
3215,28.182510,-81.823970,city
3216,37.344210,-86.754710,city
3221,35.309810,-91.567910,city
3222,26.237860,-80.124770,city
3226,40.351835,-76.716419,poi
3227,33.018500,-80.175650,city
3230,27.225734,-98.139940,city
3264,35.275090,-90.466770,city
3280,42.762470,-104.452170,city
3281,41.012030,-76.847740,city
3284,37.491694,-94.297637,poi
3297,41.139980,-104.820250,city
3316,34.769540,-92.267090,city
3326,43.287522,-76.146571,poi
3330,43.036200,-70.832830,city
3349,32.364310,-88.703660,city
3383,35.467560,-97.516430,city
3386,40.167210,-105.101930,city
3401,34.380700,-81.086480,city
3413,31.925580,-92.641310,city
3415,32.397120,-82.060120,city
3418,39.109820,-80.406760,city
3421,47.322320,-122.312620,city
3422,29.568840,-97.964730,city
3427,41.730880,-84.932740,city
3432,40.767201,-87.123658,poi
3435,30.632690,-97.677230,city
3444,28.538340,-81.379240,city
3460,43.069970,-94.233020,city
3464,43.613500,-116.203450,city
3471,32.083540,-81.099830,city
3475,35.487360,-80.621730,city
3477,43.311693,-72.472065,poi
3479,32.458210,-83.731570,city
3493,34.176268,-84.792799,city
3519,30.111906,-93.822020,poi
3522,30.711030,-94.932990,city
3526,40.394490,-84.172720,city
3530,42.015260,-94.377470,city
3536,35.222000,-101.831300,city
3539,29.568840,-97.964730,city
3545,44.892740,-93.034940,city
3580,41.774960,-107.113100,city
3585,40.179591,-118.472519,poi
3588,29.820220,-94.384080,city
3592,41.316620,-110.384330,city
3593,37.842200,-112.828000,city
3605,39.768610,-94.846630,city
3608,39.799200,-88.283100,city
3614,41.735824,-86.336642,poi
3616,41.724401,-83.507908,poi
3619,39.447167,-87.125558,poi
3620,39.445340,-83.828540,city
3645,41.030890,-77.949450,city
3678,27.752250,-98.069720,city
3688,42.674952,-82.815160,poi
3692,35.227090,-80.843130,city
3699,40.682820,-85.427200,city
3702,44.973940,-74.663240,city
3707,43.648010,-93.368270,city
3718,43.768260,-99.312896,poi
3719,40.503130,-78.630300,city
3725,41.520050,-80.048390,city
3728,42.652580,-73.756230,city
3737,34.550660,-90.641770,city
3745,45.636610,-109.252110,city
3759,35.638106,-91.243208,poi
3767,36.685980,-77.542480,city
3772,39.306110,-102.269360,city
3774,39.301429,-102.252553,poi
3781,40.858880,-102.801030,city
3783,39.687164,-104.940256,poi
3794,43.620790,-94.988600,city
3817,38.949453,-104.803575,poi
3843,36.289490,-97.288100,city
3868,38.801989,-75.586297,poi
3888,46.395760,-112.730040,city
3889,27.443078,-82.467191,poi
3907,40.841293,-73.996359,poi
3908,26.122310,-80.143380,city
3927,26.122310,-80.143380,city
3936,36.208110,-86.291100,city
3946,39.418370,-92.438240,city
3949,30.189680,-82.639290,city
3956,27.298340,-81.371240,city
3964,42.223740,-85.787611,poi
3970,32.912620,-96.638880,city
3973,35.395630,-97.266835,city
3974,35.422903,-99.372212,poi
3975,30.282180,-82.122060,city
3979,41.562286,-87.353821,poi
4006,33.208591,-92.720724,city
4008,44.966630,-92.374360,city
4025,34.513340,-82.647877,poi
4035,35.280462,-93.092048,poi
4062,36.997640,-79.891980,city
4063,31.359338,-89.349965,poi
4080,25.774270,-80.193660,city
4101,36.308430,-95.316910,city
4113,36.395590,-97.878390,city
4115,33.825435,-84.362183,city
4119,31.508810,-82.849870,city
4156,29.437628,-98.379921,poi
4161,31.800076,-81.433159,poi
4164,30.858356,-83.947817,poi
4169,35.189440,-114.053010,city
4171,47.473560,-94.880280,city
4172,47.717960,-116.951590,city
4179,32.194159,-81.195154,poi
4187,34.580360,-84.943280,city
4193,32.745960,-96.997780,city
4199,38.875840,-98.703970,city
4204,34.770509,-85.541504,poi
4211,35.778870,-115.323880,city
4220,39.090890,-84.849950,city
4222,36.405096,-87.022295,poi
4223,42.960060,-78.405580,city
4227,35.395630,-97.266835,city
4233,32.443655,-93.899018,poi
4239,37.994181,-84.216019,poi
4241,33.644830,-84.325760,city
4267,39.987320,-76.020510,city
4292,41.677770,-93.245200,city
4301,46.886102,-102.739616,poi
4311,32.269860,-86.357190,city
4331,42.500560,-90.664570,city
4332,40.750859,-88.001754,poi
4335,42.450560,-90.850410,city
4339,26.250736,-97.729557,poi
4349,42.460788,-92.246393,poi
4363,31.938270,-81.303440,city
4368,37.256440,-93.507700,city
4372,32.390180,-81.956780,city
4373,41.182220,-93.728830,city
4389,41.556380,-95.887790,city
4395,36.881766,-89.579660,poi
4417,34.990050,-106.049190,city
4419,40.265751,-94.010615,poi
4427,41.496319,-94.318988,poi
4431,41.985877,-92.580625,poi
4437,41.386940,-95.676670,city
4441,36.163160,-82.830990,city
4442,34.315720,-78.224720,city
4445,45.196810,-93.549317,poi
4446,35.191482,-101.761808,city
4451,43.982470,-96.814500,city
4452,42.454580,-92.407164,poi
4458,41.661120,-92.009070,city
4460,38.714510,-84.822730,city
4463,32.469918,-95.386999,poi
4482,43.613500,-116.203450,city
4492,48.691330,-116.316310,city
4525,46.389672,-116.989681,poi
4528,47.423460,-120.310350,city
4533,33.520660,-86.802490,city
4544,36.852930,-75.977990,city
4555,35.361460,-86.839720,city
4560,41.875480,-112.144120,city
4563,40.482168,-89.017112,poi
4568,42.947850,-74.370410,city
4569,37.151170,-88.732000,city
4574,40.191730,-88.364903,poi
4582,46.283020,-96.077560,city
4605,36.685980,-77.542480,city
4618,32.442930,-93.972960,city
4620,28.865420,-82.040580,city
4622,37.784020,-79.442820,city
4628,38.630435,-77.800301,city
4637,40.148380,-89.364820,city
4642,39.391430,-87.693640,city
4644,41.542195,-87.851307,poi
4654,43.073171,-77.945860,poi
4655,42.223120,-78.034450,city
4690,32.695960,-97.602250,city
4700,41.311370,-105.591100,city
4704,39.623581,-79.326174,poi
4707,40.153960,-79.741150,city
4729,39.808940,-85.291360,city
4742,46.918070,-104.004370,city
4750,41.570020,-91.263770,city
4762,41.916430,-83.397710,city
4806,32.759300,-97.797250,city
4818,43.142267,-115.663482,poi
4819,37.166382,-104.510990,poi
4826,33.613160,-86.118310,city
4827,30.036301,-94.154800,poi
4837,46.336630,-94.646120,city
4856,45.892430,-111.552190,city
4858,38.046680,-97.345040,city
4860,41.180292,-90.336266,poi
4872,34.204000,-83.457110,city
4874,31.845680,-102.367640,city
4878,43.540720,-116.563460,city
4881,40.146220,-74.711830,city
4885,38.874135,-89.387304,poi
4887,41.589780,-84.147908,poi
4894,39.514770,-86.793900,city
4905,41.432554,-82.702964,poi
4909,29.147911,-82.188037,city
4910,38.995250,-110.161800,city
4918,35.998771,-83.778326,city
4920,30.066980,-90.481470,city
4921,36.975088,-84.107308,poi
4927,32.801912,-86.582241,poi
4933,36.893730,-81.275930,city
4977,44.381353,-89.820931,city
4981,42.272260,-84.963310,city
4983,44.953580,-92.173520,city
4996,45.792317,-108.514397,poi
5003,39.041780,-76.066330,city
5006,40.607614,-74.240891,poi
5024,38.283390,-90.395120,city
5030,41.008443,-92.419581,poi
5044,37.103670,-93.818540,city
5050,40.411110,-95.516930,city
5056,39.870000,-94.139950,city
5057,39.740280,-94.241060,city
5060,35.189440,-114.053010,city
5064,31.694050,-89.130610,city
5079,39.938100,-91.523770,city
5085,39.485080,-80.142580,city
5111,31.378737,-89.365111,city
5117,39.949597,-86.347839,poi
5128,41.690134,-92.009340,poi
5131,40.406259,-95.557696,poi
5132,38.062820,-91.403480,city
5160,39.970070,-81.299280,city
5163,34.310380,-88.788390,city
5165,36.716299,-86.525806,poi
5167,41.470335,-87.259454,poi
5170,39.996767,-78.236832,poi
5183,35.584503,-78.146848,poi
5191,43.390260,-89.402900,city
5202,42.322150,-111.297700,city
5203,30.553800,-87.711930,city
5207,39.133340,-100.863760,city
5227,35.306270,-78.608900,city
5230,41.644123,-91.150061,poi
5232,30.494370,-92.417630,city
5234,36.928950,-93.927710,city
5236,39.638601,-75.807206,poi
5245,39.833890,-99.891510,city
5247,42.835280,-89.067610,city
5249,36.561720,-90.506220,city
5254,35.536500,-82.692910,city
5255,38.911617,-94.767469,poi
5258,30.504630,-90.462930,city
5282,37.646559,-98.715727,poi
5285,40.731485,-74.109985,poi
5297,47.130140,-119.278080,city
5299,36.715137,-86.518971,poi
5302,37.418190,-79.874760,city
5306,40.959784,-80.660414,poi
5309,33.744550,-85.288010,city
5310,44.470497,-93.295510,poi
5324,41.350330,-83.121860,city
5341,42.788914,-96.174348,poi
5349,33.207650,-82.391790,city
5363,40.240848,-76.436456,poi
5389,41.223000,-111.973830,city
5391,32.267860,-109.227560,city
5399,36.970400,-80.949530,city
5407,39.563799,-97.656765,poi
5414,32.755900,-111.554840,city
5419,35.192451,-114.070514,poi
5422,40.766700,-87.992260,city
5424,37.401990,-86.875830,city
5435,37.285580,-100.340150,city
5436,37.424220,-86.488310,city
5446,32.525150,-93.750180,city
5462,43.466580,-112.034140,city
5464,37.595775,-85.865133,poi
5474,28.358862,-80.792437,poi
5477,44.388641,-123.057058,poi
5479,26.893818,-82.009290,poi
5491,37.189530,-84.117710,city
5492,39.698980,-78.179730,city
5522,36.518009,-89.598009,poi
5523,39.263880,-103.692170,city
5529,36.487515,-80.747197,poi
5537,38.317270,-88.903120,city
5554,33.920940,-93.154060,city
5560,38.973337,-92.433708,poi
5569,37.117001,-92.420243,poi
5570,30.504630,-90.462930,city
5579,41.437438,-97.321386,poi
5592,34.000710,-81.034810,city
5597,30.213090,-93.204400,city
5601,37.076814,-88.684578,poi
5603,40.875890,-81.402340,city
5606,46.826660,-100.889580,city
5607,32.243760,-96.498600,city
5608,32.037660,-93.700180,city
5613,46.568296,-120.473035,poi
5618,40.048370,-86.469170,city
5649,30.184360,-90.859260,city
5651,38.137020,-85.074400,city
5659,28.327221,-98.113593,poi
5660,42.161065,-72.614186,poi
5661,36.162840,-85.501640,city
5667,35.572251,-82.955817,poi
5669,43.913580,-91.359860,city
5670,38.317270,-88.903120,city
5674,33.595680,-83.467940,city
5677,43.853077,-101.483746,poi
5691,42.116710,-86.454190,city
5700,43.743014,-85.504729,poi
5718,36.064394,-102.520795,city
5721,39.149270,-76.775250,city
5729,44.875520,-91.919340,city
5730,43.326970,-83.080220,city
5739,41.963304,-83.353685,city
5751,30.682150,-83.179590,city
5754,42.826420,-84.219410,city
5758,42.970860,-82.424910,city
5770,43.499720,-87.850370,city
5771,41.885320,-86.589470,city
5774,41.034240,-77.306640,city
5780,35.750690,-80.317830,city
5799,43.670230,-93.576050,city
5801,36.948450,-81.084810,city
5821,45.230950,-122.755930,city
5823,32.298536,-80.934469,poi
5830,42.272260,-84.963310,city
5842,41.420030,-87.741710,city
5860,44.317616,-93.295204,poi
5873,44.159060,-94.009150,city
5901,46.474960,-96.280620,city
5903,45.758292,-94.936076,poi
5907,44.780691,-93.506083,poi
5909,43.948992,-92.066538,poi
5927,38.449570,-78.868920,city
5935,39.992890,-74.787660,city
5942,38.344220,-90.393450,city
5944,43.081390,-88.911770,city
5946,44.112718,-103.273379,poi
5949,33.440407,-94.087748,poi
5951,38.436224,-89.534570,poi
5963,30.710170,-101.200670,city
5965,43.080540,-96.773660,city
5971,30.086553,-83.571737,poi
5979,30.224090,-92.019840,city
5980,37.227930,-77.401930,city
5990,37.342930,-77.980560,city
5996,41.587460,-109.202900,city
5999,34.120930,-93.053780,city
6001,33.394370,-104.524910,city
6009,39.774333,-93.551318,poi
6010,30.417394,-99.672299,poi
6018,40.484200,-88.993690,city
6033,37.840390,-94.501488,poi
6037,42.444900,-96.414629,poi
6041,36.744409,-80.774460,poi
6047,39.235880,-91.008190,city
6051,40.191764,-105.101866,poi
6057,38.874823,-97.610292,poi
6058,40.673380,-84.518840,city
6068,39.685212,-91.403867,poi
6082,25.857600,-80.278110,city
6083,39.459465,-94.323748,poi
6087,38.846710,-91.947960,city
6093,40.719450,-99.372040,city
6096,39.126730,-82.985460,city
6097,40.719450,-99.372040,city
6106,44.293171,-117.224327,poi
6111,35.769800,-91.640970,city
6150,37.418190,-79.874760,city
6154,30.476310,-88.342230,city
6164,41.619614,-90.785349,city
6165,39.015010,-94.198560,city
6167,37.835240,-94.325297,poi
6172,42.861536,-84.886984,poi
6173,42.300950,-83.875843,city
6175,40.569800,-77.396930,city
6179,30.273530,-91.899280,city
6180,35.064941,-85.274170,poi
6182,33.648990,-85.587460,city
6188,37.020890,-93.206020,city
6198,36.947930,-77.400810,city
6200,41.197319,-79.975433,poi
6206,43.487518,-89.498952,poi
6212,38.285819,-90.405192,poi
6214,43.256120,-88.193980,city
6215,42.360640,-73.816790,city
6218,35.506389,-108.834196,poi
6219,48.232510,-101.296270,city
6221,31.999583,-106.581176,city
6222,39.354930,-94.766514,poi
6227,32.783060,-96.806670,city
6229,39.927000,-83.612420,city
6232,37.856980,-92.404340,city
6242,38.815050,-90.955970,city
6243,37.123940,-92.101270,city
6251,30.273530,-91.899280,city
6252,41.557000,-83.627160,city
6258,39.725043,-94.790919,poi
6271,33.214840,-97.133070,city
6275,47.495660,-121.786780,city
6284,41.575870,-87.176150,city
6286,37.990080,-84.179650,city
6290,41.392270,-84.125220,city
6293,35.181031,-107.903825,poi
6296,40.346100,-94.872470,city
6299,40.825040,-91.156540,city
6305,38.303180,-77.460540,city
6307,38.801684,-90.622169,poi
6308,38.209793,-85.348203,poi
6309,34.362310,-92.812950,city
6310,27.511138,-81.464555,poi
6315,39.938100,-91.523770,city
6318,34.740080,-97.222250,city
6326,36.940018,-97.343740,poi
6327,35.960640,-83.920740,city
6330,26.301740,-98.163340,city
6334,30.364360,-85.438260,city
6341,41.791070,-107.238660,city
6346,43.866350,-95.116940,city
6351,33.604190,-114.525230,city
6356,34.311736,-89.943722,city
6370,32.931230,-96.459710,city
6374,42.097800,-88.530360,city
6387,40.642130,-116.934270,city
6391,35.872695,-101.973577,city
6393,38.239461,-86.362935,poi
6401,30.448998,-89.076014,city
6434,42.497470,-94.168020,city
6441,37.128980,-84.083260,city
6442,31.694050,-89.130610,city
6448,31.698344,-89.116021,poi
6462,48.813060,-100.060970,city
6468,35.291160,-99.640100,city
6480,45.324580,-118.087720,city
6492,32.239040,-90.158420,city
6496,28.094460,-97.828050,city
6502,39.982500,-95.191920,city
6517,40.737150,-114.037510,city
6518,46.236590,-112.120830,city
6526,42.737714,-86.066242,poi
6527,45.632720,-108.917930,city
6547,44.291090,-105.502220,city
6562,39.601144,-94.790742,poi
6563,33.669571,-97.152972,poi
6564,46.239580,-119.100570,city
6565,36.163160,-82.830990,city
6567,45.662440,-110.561040,city
6577,39.641760,-77.719990,city
6578,48.505260,-111.856970,city
6588,45.870760,-112.097490,city
6593,35.191204,-111.618228,poi
6607,39.059550,-76.648020,city
6608,35.214992,-80.780338,city
6628,36.091530,-79.364190,city
6632,31.938270,-81.303440,city
6633,44.781094,-117.813122,poi
6640,40.336930,-104.912200,city
6642,27.638640,-80.397270,city
6646,40.936700,-87.150860,city
6655,39.606780,-75.833270,city
6659,42.370300,-87.902020,city
6661,35.925060,-86.868890,city
6663,35.925312,-80.591392,poi
6677,43.543690,-96.727960,city
6693,41.433330,-96.498080,city
6701,34.174820,-86.843610,city
6704,42.439810,-72.634810,city
6716,46.866504,-96.861168,city
6721,46.890100,-96.831543,poi
6725,47.925260,-97.032850,city
6734,38.682220,-104.700810,city
6736,40.469170,-93.987170,city
6742,45.413555,-94.056389,poi
6744,48.224112,-101.350701,poi
6745,30.416917,-91.435901,poi
6755,34.769540,-92.267090,city
6760,44.275050,-73.565690,city
6765,32.905170,-80.666770,city
6806,40.581251,-75.707165,poi
6810,37.759030,-77.479980,city
6811,40.586120,-98.388390,city
6823,31.758720,-106.486930,city
6840,32.268700,-107.758640,city
6842,42.295930,-71.712850,city
6845,40.780840,-99.741500,city
6850,42.759690,-105.382210,city
6857,39.534910,-119.752690,city
6859,42.020278,-97.384906,poi
6864,34.362310,-92.812950,city
6869,40.087570,-80.570350,city
6883,40.398140,-77.023030,city
6885,38.349820,-81.632620,city
6886,39.110260,-108.350920,city
6897,42.872780,-100.550970,city
6901,41.991488,-96.923325,poi
6915,43.077040,-70.757660,city
6927,32.424150,-85.690960,city
6944,45.917917,-119.324435,poi
6948,40.351641,-76.716432,poi
6951,45.642783,-118.682273,poi
6954,41.100244,-74.165733,city
6960,41.268280,-110.963240,city
6961,41.119229,-104.857710,poi
6962,41.543570,-109.859030,city
6963,41.303150,-74.793500,city
6968,43.775000,-88.438830,city
6970,44.974690,-92.756870,city
6971,43.251541,-88.184731,poi
6975,43.247770,-89.343730,city
6976,44.279990,-88.318440,city
6980,43.247770,-89.343730,city
6981,42.745691,-90.341247,poi
6984,38.432590,-82.020140,city
6986,47.252880,-122.444290,city
6987,46.996510,-120.547850,city
6992,46.951180,-122.940692,poi
6994,47.659660,-117.429080,city
6999,36.599646,-78.150859,poi
7003,37.759030,-77.479980,city
7004,36.819040,-76.274940,city
7005,37.937350,-79.232810,city
7007,41.681306,-91.566662,poi
7013,38.276910,-112.641050,city
7016,40.530780,-112.298280,city
7018,40.760780,-111.891050,city
7023,35.222000,-101.831300,city
7037,31.034721,-104.856533,poi
7045,36.718817,-108.168031,poi
7051,32.705221,-100.865633,poi
7056,32.470950,-100.405940,city
7058,33.551834,-101.834892,city
7059,32.250400,-101.478740,city
7064,31.760012,-106.355508,poi
7066,29.883270,-97.941390,city
7072,35.789790,-88.974230,city
7077,35.361460,-86.839720,city
7078,36.338390,-87.729190,city
7080,34.990050,-106.049190,city
7082,35.011076,-86.877527,poi
7084,45.464700,-98.486480,city
7087,43.885784,-100.704857,poi
7088,44.080540,-103.231010,city
7092,43.604362,-96.713217,poi
7095,33.695160,-80.210910,city
7106,41.177280,-79.707830,city
7112,40.273700,-76.884420,city
7116,40.941730,-77.785000,city
7121,41.003700,-76.454950,city
7126,41.041965,-78.393063,poi
7128,40.374540,-76.302730,city
7129,41.161170,-79.083090,city
7131,39.999250,-78.238620,city
7132,35.778870,-115.323880,city
7135,40.201480,-77.188870,city
7136,41.016180,-77.531100,city
7137,41.136730,-80.009220,city
7147,45.523450,-122.676210,city
7148,45.539290,-122.387310,city
7154,35.467560,-97.516430,city
7156,35.467560,-97.516430,city
7166,39.886450,-83.448250,city
7169,41.099780,-80.649520,city
7170,41.156450,-80.569240,city
7172,41.557000,-83.627160,city
7173,42.059545,-76.141407,poi
7176,39.743940,-84.636620,city
7179,42.886450,-78.878370,city
7180,39.961730,-82.491270,city
7183,41.890890,-80.676190,city
7184,39.653670,-83.563810,city
7189,46.910540,-98.708440,city
7190,46.922750,-97.673990,city
7196,35.236230,-82.349280,city
7197,42.951053,-76.976247,poi
7198,35.608737,-80.518128,poi
7212,42.412030,-73.447060,city
7213,42.567560,-79.112820,city
7215,42.947850,-74.370410,city
7216,42.021740,-76.366880,city
7220,42.620879,-73.776776,poi
7222,34.938670,-104.682490,city
7225,34.395426,-103.144383,poi
7226,32.312320,-106.778340,city
7227,32.111760,-106.662500,city
7228,35.084490,-106.651140,city
7229,35.528080,-108.742580,city
7230,32.268700,-107.758640,city
7231,35.084490,-106.651140,city
7234,40.653990,-75.086560,city
7237,40.926210,-75.092680,city
7239,39.830390,-75.240460,city
7240,40.707040,-74.956000,city
7244,36.174970,-115.137220,city
7248,36.174970,-115.137220,city
7263,41.052189,-102.070521,poi
7264,40.871120,-98.468120,city
7265,41.158610,-101.002650,city
7267,41.128050,-101.719620,city
7268,41.256260,-95.940430,city
7269,40.925010,-98.342010,city
7282,43.252136,-73.669046,poi
7284,46.872150,-113.994000,city
7285,42.158886,-78.745041,poi
7286,46.948073,-114.128756,poi
7288,45.669120,-108.771530,city
7289,37.274932,-93.115331,poi
7291,39.005010,-94.129390,city
7293,36.759220,-89.586750,city
7299,38.952820,-91.939070,city
7300,37.680600,-92.663790,city
7310,33.984840,-89.896760,city
7312,39.729500,-84.139660,city
7314,32.364310,-88.703660,city
7323,45.737470,-94.952520,city
7326,43.648010,-93.368270,city
7327,42.106888,-84.989098,poi
7331,38.526228,-82.665897,poi
7332,42.139490,-83.178260,city
7335,41.885320,-86.589470,city
7337,42.317300,-85.178160,city
7341,42.066770,-71.328110,city
7344,42.534914,-70.989289,poi
7353,44.798840,-68.772650,city
7354,43.099481,-70.747891,poi
7357,30.275190,-89.781170,city
7360,30.560200,-91.954010,city
7364,41.153950,-80.701470,city
7370,37.044919,-86.211841,poi
7371,37.523067,-85.882321,poi
7372,38.875620,-84.610220,city
7379,36.722260,-86.577220,city
7382,38.998950,-84.626610,city
7385,39.025010,-99.879570,city
7387,39.117900,-100.810748,poi
7389,39.415350,-81.454840,city
7396,41.247973,-82.699365,poi
7398,41.644160,-93.464660,city
7403,41.182830,-83.678270,city
7406,42.435927,-96.372532,poi
7407,41.584750,-90.772090,city
7408,41.053110,-82.726290,city
7410,41.630963,-93.780217,poi
7412,40.313930,-85.500530,city
7416,40.936700,-87.150860,city
7417,41.375040,-86.504730,city
7418,40.753650,-86.068880,city
7421,39.812550,-85.171630,city
7425,39.444576,-87.127759,poi
7429,39.611280,-86.480925,poi
7435,40.760870,-87.150850,city
7436,39.947968,-86.357466,poi
7437,39.337270,-85.483580,city
7457,39.120040,-88.543380,city
7459,41.357250,-88.421180,city
7466,37.740277,-88.964448,poi
7469,38.650499,-90.131195,poi
7471,40.314480,-89.169810,city
7482,43.613500,-116.203450,city
7492,32.784850,-85.305780,city
7495,33.620689,-84.384440,poi
7504,34.368700,-84.934110,city
7506,33.039290,-85.031330,city
7523,43.853630,-83.964990,city
7533,28.865420,-82.040580,city
7534,30.332180,-81.655650,city
7535,27.945162,-82.507421,poi
7543,41.279540,-72.815100,city
7545,41.229827,-73.047406,poi
7546,41.440930,-71.881180,city
7551,39.745260,-104.607470,city
7552,39.766100,-105.077210,city
7553,40.258870,-103.623840,city
7574,35.601160,-98.118670,city
7611,35.081981,-97.889283,poi
7615,34.902250,-110.158180,city
7617,32.221740,-110.926480,city
7622,36.897580,-95.926090,city
7624,32.252850,-109.832010,city
7625,35.518127,-98.870984,poi
7627,34.504530,-97.119460,city
7629,34.731200,-87.702530,city
7635,32.366810,-86.299970,city
7636,33.173307,-87.478897,poi
7655,35.224164,-99.870102,poi
7705,35.189440,-114.053010,city
7708,26.621680,-81.840590,city
7715,37.128980,-84.083260,city
7718,38.475586,-90.851446,poi
7719,38.811440,-91.141540,city
7721,47.105290,-104.712460,city
7722,40.829350,-97.599910,poi
7724,41.324220,-83.438540,city
7725,40.798940,-81.695410,city
7733,35.222000,-101.831300,city
7746,34.535890,-101.758520,city
7753,35.486583,-95.148101,poi
7767,41.098869,-104.853922,poi
7768,41.130346,-104.822974,poi
7792,33.294570,-83.966020,city
7798,30.849224,-81.668699,poi
7825,37.988400,-85.715790,city
7838,44.780864,-93.033640,poi
7871,34.388690,-103.051340,city
7873,40.719113,-116.106149,poi
7886,39.856990,-84.793290,city
7930,35.481740,-86.088600,city
7946,42.527380,-88.979907,poi
7959,41.100171,-104.848735,poi
8840,35.395630,-97.266835,city
8895,34.740080,-97.222250,city
8927,35.381613,-96.670458,poi
8936,36.989310,-79.482530,city
8948,39.710230,-111.836320,city
8961,31.400746,-103.486345,poi
8977,34.359810,-98.307830,city
8987,35.510930,-95.129960,city
9160,40.830499,-98.382115,poi
9161,40.608430,-75.490180,city
9206,44.664150,-70.148991,poi
9216,40.511490,-75.390460,city
9241,40.156760,-75.832710,city
9280,41.321760,-75.305460,city
9289,41.782300,-75.701580,city
9340,40.026210,-76.168570,city
9354,39.733130,-80.067840,city
9365,34.337100,-79.431160,city
9381,41.534240,-75.736030,city
9382,39.743940,-84.636620,city
9383,39.961730,-82.491270,city
9386,41.182830,-83.678270,city
9403,40.659428,-75.072730,poi
9415,40.044000,-75.387690,city
9423,38.952820,-91.939070,city
9449,33.993490,-81.073980,city
9451,38.416680,-95.853040,city
9467,41.610590,-87.064200,city
9468,41.590255,-87.238524,poi
9469,35.016790,-81.803990,city
9485,33.721154,-84.903439,poi
9513,33.508992,-81.971574,poi
9525,34.715970,-81.019530,city
9528,38.441760,-81.952910,city
9542,33.971510,-80.949870,poi
9550,43.797190,-90.077350,city
9553,43.715961,-89.895802,poi
9554,44.650159,-103.860493,poi
9614,43.746670,-98.958430,city
9618,33.343905,-96.591480,poi
9638,34.267644,-79.702210,city
9668,43.692111,-98.445005,poi
9675,35.960640,-83.920740,city
9699,40.798754,-81.410381,city
9703,41.786377,-80.852795,poi
9712,36.071250,-79.564470,city
9713,42.745280,-96.829210,city
9717,43.926930,-100.292080,city
9724,43.406180,-76.125760,city
9746,40.660740,-118.150420,city
9747,40.868070,-97.592000,city
9763,39.768610,-94.846630,city
9783,32.883740,-89.971470,city
9803,35.960640,-83.920740,city
9808,42.338340,-83.889540,city
9812,35.960640,-83.920740,city
9818,44.836836,-69.287563,poi
9821,35.997847,-86.594962,poi
9842,37.916150,-95.170250,city
9843,39.084720,-96.028050,city
9851,42.527411,-90.725016,poi
9855,39.550050,-86.079710,city
9860,41.064760,-86.215830,city
9862,41.572611,-87.401880,poi
9887,27.896279,-80.621788,poi
9941,32.755900,-111.554840,city
9945,32.629971,-85.438069,city
9959,37.939649,-77.468848,poi
9962,26.207528,-98.261001,poi
9971,42.560900,-77.696110,city
9973,41.100244,-74.165733,city
9990,35.170080,-88.592270,city
9995,41.613405,-93.779759,poi
9997,33.681793,-85.150222,poi
10006,38.244460,-96.928080,city
10007,32.048183,-81.164560,city
10014,36.169133,-86.599889,poi
10015,36.205198,-86.771860,poi
10020,43.603303,-73.275034,poi
10024,39.542470,-110.735430,city
10028,41.051430,-86.603060,city
10030,37.152060,-81.150090,city
10033,38.296517,-77.498090,poi
10047,48.170250,-111.946130,city
10053,41.547250,-89.117590,city
10057,39.768380,-86.158040,city
10058,31.549964,-85.285679,poi
10065,33.674290,-94.131310,city
10077,35.146480,-90.184540,city
10085,32.792000,-115.563050,city
10101,33.524644,-82.033081,city
10104,33.415326,-84.752379,poi
10109,42.049430,-92.907980,city
10110,43.540720,-116.563460,city
10116,41.923920,-89.068710,city
10122,41.562260,-87.357568,poi
10126,38.492702,-85.772673,poi
10128,37.817231,-94.706190,city
10135,38.370840,-97.664210,city
10142,36.717312,-86.524759,poi
10144,37.097695,-88.691402,poi
10146,36.721841,-84.167936,poi
10150,30.477534,-90.455947,poi
10154,30.533530,-92.081510,city
10157,42.812250,-85.722810,city
10161,42.825304,-84.542151,poi
10168,42.245870,-84.401350,city
10172,43.419470,-83.950810,city
10181,38.253950,-90.400722,poi
10184,34.311736,-89.943722,city
10192,31.560170,-91.403290,city
20000,35.596270,-78.124160,city
20003,35.700690,-80.888130,city
20006,48.674750,-102.082660,city
20009,41.061380,-102.074350,city
20011,42.028340,-97.417000,city
20012,41.091784,-96.254731,poi
20014,43.640630,-72.143980,city
20019,39.713271,-75.470550,poi
20024,32.269449,-106.921843,poi
20027,35.158979,-103.700833,poi
20028,36.198860,-115.117500,city
20031,40.972960,-117.735680,city
20033,42.376363,-77.361622,poi
20036,43.136720,-78.884760,city
20042,41.557000,-83.627160,city
20043,41.512000,-82.937690,city
20045,41.153950,-80.701470,city
20049,34.608690,-98.390330,city
20050,35.222570,-97.439480,city
20054,45.324580,-118.087720,city
20062,41.018140,-75.994930,city
20066,42.217574,-79.829502,poi
20070,41.404530,-75.182950,city
20072,34.915760,-82.107419,poi
20079,36.082712,-87.094983,poi
20082,33.358450,-97.694750,city
20083,31.999270,-106.605550,city
20086,33.262951,-97.179525,poi
20105,33.160278,-95.232770,poi
20108,29.218448,-98.410720,city
20109,29.220475,-98.414948,city
20114,29.820220,-94.384080,city
20118,44.305549,-90.844810,city
20119,44.259876,-88.850654,poi
20121,37.778170,-81.188160,city
20129,51.050110,-114.085290,city
44228,42.896420,-82.768810,city
52040,46.007670,-122.844360,city
52048,30.559328,-88.205326,poi
52052,33.207630,-92.666270,city
52065,28.777000,-82.120000,city
52067,33.749000,-84.387980,city
52070,30.830950,-82.011310,city
52081,40.486430,-86.133600,city
52085,38.895270,-98.861030,city
52088,36.729151,-88.630704,poi
52089,31.626560,-91.818180,city
52090,31.689820,-93.304466,poi
52099,43.118744,-83.760688,poi
52103,34.934250,-88.522270,city
52104,34.376490,-88.681720,city
52106,45.783290,-108.500690,city
52107,35.670970,-80.474230,city
52112,43.414240,-73.487610,city
52128,36.188614,-86.410263,poi
52140,46.323740,-120.008650,city
52142,42.300950,-83.875843,city
52143,34.769800,-84.970220,city
52145,39.697658,-86.184868,poi
52146,42.866630,-106.313080,city
52149,38.875620,-84.610220,city
52150,42.070179,-80.037746,poi
52152,41.327243,-105.611197,poi
52153,42.428630,-87.923970,city
52155,41.565930,-72.891770,city
52163,34.165330,-84.802310,city
52212,41.791070,-107.238660,city
52221,32.783060,-96.806670,city
52222,30.092990,-93.736550,city
52230,41.223000,-111.973830,city
52233,32.684471,-114.649665,city
52235,41.311370,-105.591100,city
52236,33.418980,-110.812940,poi
52239,31.427647,-83.515672,poi
52241,39.096283,-104.864545,poi
52250,42.065334,-72.108557,poi
52255,41.698640,-88.068400,city
52262,31.523735,-87.343077,poi
52278,32.804050,-81.949280,city
52297,36.990320,-86.443600,city
52299,30.452140,-91.210110,city
52302,30.190760,-93.581270,city
52304,30.184360,-90.859260,city
52307,43.970244,-94.618727,poi
52313,32.313699,-90.899362,poi
52322,40.663990,-74.210700,city
52323,40.739370,-74.187254,poi
52325,42.531814,-75.081185,poi
52326,38.818359,-90.953428,poi
52334,43.797141,-90.061407,poi
52335,37.155315,-77.274922,poi
52340,40.423410,-78.433900,city
52344,46.829419,-100.729172,poi
52346,39.250660,-76.520520,city
52348,42.354269,-83.063168,city
52361,32.783060,-96.806670,city
52363,43.219412,-85.569127,poi
52364,32.458950,-91.759857,poi
52365,34.142320,-87.988640,city
52366,35.477870,-94.221880,city
52367,37.860140,-77.464150,city
52383,33.348720,-87.014160,city
52384,34.267644,-79.702210,city
52385,40.242560,-82.859070,city
52387,34.617600,-89.968700,city
52388,35.121240,-81.515920,city
52393,43.830191,-94.427172,poi
52400,42.760020,-87.913410,city
52401,35.173130,-92.743447,poi
52402,32.442930,-93.972960,city
52403,30.367420,-89.092820,city
52404,41.100202,-114.954723,poi
52405,41.523640,-90.577640,city
52411,40.739794,-111.946139,poi
52413,41.044220,-83.649930,city
52414,48.198710,-122.125140,city
52421,41.141410,-78.785678,poi
52422,44.901593,-91.856229,city
52423,46.003820,-112.534740,city
52426,34.368430,-86.908620,city
52427,39.614170,-119.266382,poi
52428,33.993490,-81.073980,city
52430,34.915910,-85.109120,city
52431,30.963960,-81.724160,city
52435,30.236590,-93.377380,city
52438,36.586450,-89.527850,city
52439,31.378737,-89.365111,city
52441,35.583591,-78.148582,poi
52450,32.516224,-96.821022,poi
52452,44.024710,-88.542610,city
52454,39.997265,-81.577178,poi
52455,34.188163,-97.171850,poi
52456,37.084230,-94.513280,city
52458,34.781498,-92.127371,poi
52461,40.071220,-74.864890,city
52463,36.241444,-115.097987,poi
52464,41.237947,-76.812520,poi
52465,35.278420,-93.133790,city
52466,39.600110,-75.941330,city
52467,34.000710,-81.034810,city
52468,35.467560,-97.516430,city
52469,33.886811,-98.468913,poi
52470,41.600247,-93.626346,poi
52471,40.833390,-83.976610,city
52472,40.201480,-77.188870,city
52473,39.710230,-111.836320,city
52474,42.317300,-85.178160,city
52477,46.849713,-96.864960,poi
52478,38.341279,-82.941760,poi
52479,34.349921,-83.321294,poi
52480,34.366814,-96.141197,poi
52482,30.845378,-81.676064,poi
52483,38.840280,-97.611420,city
52484,41.733610,-92.445460,city
52493,44.166820,-77.382770,city
52510,38.632918,-83.795094,poi
52511,39.768380,-86.158040,city
52512,32.469850,-98.678950,city
52513,32.274590,-90.132030,city
52514,36.759220,-89.586750,city
52516,35.024190,-110.697360,city
52517,33.917310,-102.324900,city
52520,41.980867,-76.516487,poi
52527,29.366640,-82.197320,city
52528,39.013254,-94.127442,poi
52529,45.216310,-112.637520,city
52531,39.099730,-94.578570,city
52534,36.103410,-84.131860,city
52535,31.463790,-96.058020,city
52537,44.572180,-91.227380,city
52539,33.749000,-84.387980,city
52541,45.926910,-86.967080,city
52542,28.336110,-82.274530,city
52546,30.921461,-84.603009,poi
52548,40.779730,-97.812270,city
52549,41.419222,-81.733774,poi
52550,35.807815,-86.396399,poi
52551,30.774360,-85.226870,city
52552,38.719180,-94.458560,city
52553,35.079368,-106.745734,poi
52557,34.731200,-87.702530,city
52558,35.511554,-93.822304,poi
52562,44.708864,-73.454302,poi
52563,30.682150,-83.179590,city
52564,37.084230,-94.513280,city
52565,27.682630,-99.462724,poi
52566,27.529944,-99.468294,poi
52575,37.104150,-113.584120,city
52577,41.236207,-95.878388,poi
52580,31.150130,-81.491470,city
52581,32.252850,-109.832010,city
52582,42.871110,-97.397280,city
52585,46.885290,-103.199620,city
52587,43.106460,-76.217700,city
52588,33.520428,-101.845280,city
52590,36.722260,-86.577220,city
52591,37.928750,-77.455820,city
52594,40.131663,-80.001544,poi
52595,40.875920,-75.732410,city
52597,40.203140,-77.289980,city
52598,40.199585,-76.730661,poi
52599,40.196760,-76.017440,city
52601,34.786374,-92.124433,poi
52602,40.137310,-77.554710,city
52603,47.458539,-99.118299,poi
52605,41.427776,-87.757038,poi
52607,36.022848,-87.341419,poi
52608,35.721035,-81.188947,poi
52610,42.129220,-80.085060,city
52611,29.369401,-100.888407,poi
52612,34.815210,-102.399320,city
52615,41.464977,-82.060653,poi
52616,40.115107,-85.573443,city
52618,34.702340,-82.464570,city
52620,39.350830,-101.710170,city
52621,39.350830,-101.710170,city
52622,32.129290,-101.788460,city
52623,41.485930,-72.355360,city
52624,45.765979,-119.206067,poi
52625,38.208100,-91.160420,city
52626,31.150130,-81.491470,city
52628,33.781140,-113.614650,city
52629,47.008076,-120.586021,poi
52630,44.942900,-123.035100,city
52632,39.550050,-86.079710,city
52633,36.066305,-79.308878,poi
52634,40.868070,-97.592000,city
52635,35.467560,-97.516430,city
52636,38.205040,-87.574190,city
52638,31.594300,-102.892650,city
52640,41.492516,-87.509728,poi
52641,32.188391,-81.195134,poi
52642,34.508883,-81.858047,poi
52643,28.709140,-100.499520,city
52644,35.873470,-79.481690,city
52646,39.729430,-104.831920,city
52647,39.900060,-82.534050,city
52648,31.727627,-99.957075,poi
52649,30.406480,-87.005530,city
52651,29.703000,-98.124450,city
52652,38.209800,-84.558830,city
52656,31.169789,-105.657441,poi
52658,35.420962,-96.300931,poi
52659,32.353293,-108.735826,poi
52661,32.598557,-97.317048,poi
52663,32.623415,-88.207277,poi
52664,41.325910,-75.789360,city
52667,32.325140,-89.232840,city
52669,40.926210,-75.092680,city
52674,32.457620,-99.871480,city
52675,46.408340,-105.840560,city
52676,41.119230,-78.760030,city
52678,31.887370,-100.291760,city
52679,40.119835,-74.708220,poi
52680,30.066102,-81.494141,poi
52683,36.176671,-94.193321,poi
52684,41.814474,-90.241302,poi
52685,34.986453,-90.904650,poi
52686,34.954771,-110.311906,poi
52687,33.657274,-114.241410,poi
52690,27.414201,-80.397689,city
52691,33.682302,-85.264285,poi
52692,38.731188,-89.908828,poi
52697,40.165230,-111.610750,city
60084,31.182960,-85.236320,city
60106,31.310170,-85.712990,city
60114,31.315170,-85.855220,city
60136,31.356469,-85.327850,poi
60145,31.085180,-88.013330,city
60147,32.788970,-86.873530,city
60191,33.495066,-112.938402,poi
60206,37.624180,-104.780260,city
60208,41.390930,-72.859540,city
60220,28.731110,-81.601180,city
60224,31.231290,-84.210460,city
60226,31.773820,-84.448000,city
60229,32.687650,-83.346560,city
60230,31.126364,-84.166327,poi
60242,43.051650,-91.389300,city
60243,42.026650,-96.097240,city
60245,42.923283,-114.945445,poi
60248,40.580380,-74.285150,city
60250,40.650100,-74.187090,city
60255,40.313370,-88.973690,city
60256,41.303150,-74.793500,city
60270,38.659220,-87.172790,city
60273,39.395840,-101.052380,city
60280,37.051970,-97.405320,city
60282,38.469740,-101.752670,city
60294,30.273530,-91.899280,city
60295,30.214090,-92.374580,city
60298,30.419920,-92.046510,city
60313,39.383720,-76.432180,city
60316,45.874638,-68.416236,poi
60324,42.331430,-83.045750,city
60326,42.976784,-82.763526,poi
60328,43.018382,-83.634214,city
60329,44.661400,-84.714750,city
60333,45.951939,-86.227988,poi
60341,42.106177,-84.992293,poi
60342,44.751963,-85.634389,poi
60344,42.673920,-85.644740,city
60347,43.651710,-93.353470,poi
60358,46.875240,-96.578960,city
60372,37.191768,-94.292109,poi
60373,36.922058,-89.313915,poi
60374,37.874528,-93.621220,poi
60379,39.242540,-91.645440,city
60380,40.520860,-92.527970,city
60382,39.099730,-94.578570,city
60383,38.900324,-91.455012,poi
60392,32.312920,-89.798410,city
60398,45.662440,-110.561040,city
60400,48.774750,-104.562460,city
60416,34.342511,-78.709437,poi
60420,40.097510,-99.362040,city
60426,42.865090,-71.493400,city
60434,40.622050,-74.244590,city
60442,41.618639,-88.448564,poi
60460,40.287593,-81.861989,poi
60461,39.758950,-84.191610,city
60463,40.394490,-84.172720,city
60465,40.588670,-83.128520,city
60471,41.393110,-81.536510,city
60473,40.816014,-81.934708,city
60476,36.795920,-95.935540,city
60508,40.797310,-75.969370,city
60513,33.549388,-79.047547,poi
60515,34.773210,-80.391730,city
60516,33.214610,-80.447870,city
60519,44.387201,-98.214848,poi
60538,30.670627,-96.403083,poi
60539,30.441793,-93.968731,poi
60540,32.576648,-95.854478,poi
60551,33.476096,-94.409885,poi
60554,34.186786,-101.749045,poi
60565,35.214220,-100.249010,city
60579,37.276653,-79.904728,poi
60587,47.377070,-120.143950,city
60589,44.948020,-91.150700,city
60590,42.683060,-90.117630,city
60601,46.720770,-92.104080,city
60635,36.283120,-92.494050,city
60650,32.947820,-112.716830,city
60700,39.755540,-105.221100,city
60707,40.625540,-103.207710,city
60708,40.075820,-102.223250,city
60762,31.778250,-82.348460,city
60768,34.165330,-84.802310,city
60773,32.283770,-83.472120,city
60779,33.325285,-83.391275,poi
60781,32.458210,-83.731570,city
60783,34.647841,-83.449878,poi
60787,33.794000,-84.660490,city
60788,33.001540,-82.411240,city
60791,32.877245,-83.666249,poi
60795,31.604134,-83.245721,poi
60797,34.257040,-85.164670,city
60804,32.866820,-82.404020,city
60807,40.994180,-92.167400,city
60817,42.646090,-92.462960,city
60822,43.084700,-91.568200,city
60829,39.694210,-91.039020,city
60833,41.938784,-88.117960,poi
60834,41.748543,-87.799040,poi
60839,40.745870,-89.744270,city
60846,41.612711,-90.186575,poi
60851,41.861746,-88.017925,poi
60857,38.713598,-88.091803,poi
60865,41.845590,-87.753940,city
60871,41.052530,-89.050360,city
60881,40.740600,-86.504730,city
60882,41.562511,-85.797450,poi
60887,38.391440,-86.931110,city
60890,38.834210,-88.772280,city
60900,41.670880,-86.615850,city
60902,41.629135,-86.234314,poi
60913,37.971690,-100.872660,city
60926,39.828388,-100.533804,poi
60958,29.796040,-91.501500,city
60979,30.190760,-93.581270,city
60988,42.180650,-72.927320,city
60989,42.195020,-72.932244,poi
60993,42.311741,-71.429125,poi
60997,42.160090,-72.475920,city
60998,42.160090,-72.475920,city
61004,42.108430,-72.078690,city
61006,42.269540,-71.616180,city
61019,38.459840,-75.759100,city
61021,38.124010,-75.706320,city
61028,43.587063,-83.890897,poi
61030,42.308650,-83.482160,city
61032,43.991519,-84.778510,poi
61034,42.331430,-83.045750,city
61037,42.797810,-83.704950,city
61038,42.974365,-83.633729,poi
61042,42.270194,-85.647799,poi
61057,45.927376,-86.976001,poi
61063,42.105485,-84.992007,poi
61076,45.278860,-92.985220,city
61080,46.518020,-95.376150,city
61090,48.119140,-96.181150,city
61093,43.613409,-95.632948,poi
61099,38.006113,-90.226247,poi
61102,38.951710,-92.334070,city
61106,38.348360,-92.581580,city
61110,39.099730,-94.578570,city
61111,39.552234,-94.268317,poi
61115,39.394540,-92.410540,city
61118,37.724220,-89.861220,city
61145,31.360275,-89.348778,city
61146,31.886820,-88.983940,city
61149,32.351382,-88.690499,poi
61168,34.951259,-88.904020,poi
61171,30.858240,-89.135330,city
61176,48.590000,-109.231280,city
61182,47.062470,-109.428240,city
61193,41.053563,-83.605252,poi
61195,34.997950,-78.323330,city
61205,35.722203,-78.643245,city
61210,36.059067,-79.908737,poi
61254,35.665160,-76.609100,city
61266,48.112780,-98.865120,city
61269,47.887090,-97.092136,poi
61271,46.923310,-98.003150,city
61291,42.904250,-72.515640,city
61292,40.677164,-74.090110,poi
61301,39.934840,-75.030730,city
61304,40.316220,-74.513760,city
61305,40.316332,-74.509209,poi
61308,40.840380,-74.090700,city
61312,40.499499,-74.855392,poi
61326,39.934000,-74.891000,city
61328,40.454000,-74.482000,city
61333,40.848160,-73.997640,city
61337,39.729560,-75.467970,city
61339,40.675686,-75.140001,poi
61346,40.789550,-74.056530,city
61357,32.936438,-105.963958,poi
61364,36.728060,-108.218690,city
61409,43.247290,-76.723560,city
61410,43.114208,-77.623256,poi
61421,41.397820,-82.222380,city
61430,41.304220,-82.975190,city
61431,41.304220,-82.975190,city
61439,40.782840,-81.466510,city
61449,41.283940,-81.223990,city
61450,41.283940,-81.223990,city
61453,41.562830,-83.653820,city
61458,40.917280,-80.606180,city
61459,40.917280,-80.606180,city
61461,41.643660,-83.486880,city
61477,33.943160,-95.513570,city
61483,32.525150,-93.750180,city
61492,34.314540,-97.142790,city
61508,40.030887,-78.492458,city
61509,40.030887,-78.492458,city
61511,40.474540,-76.291340,city
61515,40.201480,-77.188870,city
61540,40.155110,-74.828770,city
61559,39.999044,-79.046312,city
61560,39.999044,-79.046312,city
61567,40.506460,-79.843100,city
61569,41.898783,-79.149910,poi
61570,40.127580,-78.062780,city
61571,40.599811,-75.482307,poi
61594,34.852620,-82.394010,city
61595,34.854551,-82.357802,poi
61596,34.458830,-82.054749,poi
61597,34.896172,-82.163254,city
61598,33.753780,-79.447560,city
61599,35.047060,-82.090110,city
61605,33.911944,-79.406103,poi
61616,34.380700,-81.086480,city
61621,43.709430,-98.029800,city
61625,44.899410,-97.115070,city
61633,35.977818,-85.015807,poi
61642,39.369355,-94.373414,poi
61646,35.411750,-89.532850,city
61651,36.257040,-83.086000,city
61654,35.745360,-89.529800,city
61656,36.407659,-89.083726,poi
61660,35.781450,-88.360320,city
61684,31.257960,-95.978290,city
61730,31.997350,-102.077910,city
61747,29.277731,-98.667620,city
61751,32.718990,-102.644910,city
61761,35.242830,-102.428260,city
61763,31.570130,-103.000990,city
61787,36.677650,-76.922460,city
61796,36.693080,-79.849816,poi
61799,37.177080,-81.140374,poi
61804,36.947930,-77.400810,city
61806,37.187742,-75.968603,poi
61819,46.125030,-122.935922,poi
61830,44.261930,-88.415380,city
61832,45.503846,-91.739058,poi
61835,42.538785,-88.050402,poi
61843,43.447982,-88.635380,poi
61849,43.090659,-88.910035,poi
61862,44.044314,-89.108026,poi
61867,43.933425,-90.821271,city
61877,42.834367,-88.757266,poi
61879,44.381353,-89.820931,city
61880,44.381353,-89.820931,city
61908,49.526707,-115.749963,poi
61968,34.174260,-97.143630,city
61978,43.660089,-79.513214,poi
61983,43.975030,-78.612670,city
61996,42.934650,-82.409431,poi
61998,45.333835,-75.694032,poi
62008,40.413700,-76.478300,city
62016,43.800110,-79.482910,city
62075,37.752800,-100.017080,city
62097,35.591470,-92.460440,city
62211,40.230540,-104.072730,city
62238,29.713794,-81.507725,poi
62283,31.865010,-82.589120,poi
62316,42.467998,-91.480137,poi
62355,40.739200,-89.016460,city
62370,42.253855,-88.831560,city
62399,41.721440,-85.817490,city
62462,37.774220,-87.113330,city
62467,38.387577,-82.717105,poi
62480,29.542720,-90.338140,city
62487,30.779900,-91.376500,city
62500,30.190760,-93.581270,city
62547,45.024999,-84.641983,city
62550,42.136852,-83.401797,poi
62559,42.913920,-82.603810,city
62560,42.883162,-85.073617,poi
62701,39.695080,-79.151140,city
62710,45.834940,-109.955460,city
62753,46.876494,-96.903570,poi
62768,42.804720,-102.203220,city
62774,43.194250,-71.150900,city
62790,40.848160,-73.997640,city
62800,40.495318,-74.298646,poi
62817,35.287300,-84.758270,city
62824,39.607970,-119.251830,city
62841,42.596180,-76.093260,city
62844,42.799557,-76.121316,poi
62850,43.196180,-73.651780,city
62887,39.192916,-84.572681,city
62911,36.895700,-77.825830,city
62918,41.338840,-81.475068,city
62991,41.453970,-75.382680,city
62996,40.556460,-78.097780,city
63013,41.608803,-71.664099,poi
63018,32.914642,-79.886442,city
63126,29.552170,-98.269730,city
63193,38.719405,-77.806602,poi
63211,48.410990,-119.527550,city
63246,42.698070,-87.894520,city
63313,35.214530,-90.196480,city
63330,34.247214,-85.160965,poi
63336,39.830834,-89.584328,city
63349,37.344210,-86.754710,city
63351,37.568690,-84.296320,city
63353,40.340084,-88.760727,poi
63376,44.781856,-93.439296,poi
63379,39.005010,-94.129390,city
63388,35.691020,-77.945834,city
63391,41.123890,-100.765420,city
63409,42.960060,-78.405580,city
63428,35.470100,-95.523040,city
63442,35.982010,-87.121400,city
63455,39.256490,-78.096110,city
63456,37.189064,-77.371371,poi
63495,33.234280,-97.586140,city
63498,36.091530,-79.364190,city
63500,43.348666,-83.859372,poi
63501,40.201480,-77.188870,city
63502,35.652830,-97.478100,city
63506,44.534223,-89.575846,city
63509,34.388573,-83.226500,poi
63510,34.345329,-79.534435,poi
63511,33.186000,-80.575650,city
63512,36.093986,-79.995441,poi
63516,38.760412,-78.631940,poi
63517,33.613160,-86.118310,city
63519,38.414810,-81.844020,city
63522,36.179483,-86.298918,poi
63523,34.605930,-86.983340,city
63524,31.960253,-83.746834,poi
63530,29.954650,-90.075070,city
63532,35.747880,-95.369690,city
63533,43.662940,-116.687360,city
63538,44.631940,-88.039270,city
63540,32.658156,-83.745619,poi
63545,35.121240,-81.515920,city
63546,32.935990,-82.811530,city
63563,31.035887,-104.829568,poi
63564,39.973621,-83.100398,poi
63565,32.944438,-112.733606,poi
63566,30.452140,-91.210110,city
63568,38.403900,-96.181660,city
63569,41.476660,-95.338050,city
63570,40.988670,-81.994870,city
63571,29.954650,-90.075070,city
63572,34.483900,-114.322450,city
63574,44.026550,-116.962940,city
63575,35.432590,-96.305010,city
63577,41.460959,-88.272995,poi
63579,39.449560,-75.716320,city
63580,42.469150,-92.281020,city
63581,38.026627,-84.534313,poi
63582,41.429730,-97.368380,city
63583,41.429730,-97.368380,city
63584,33.718647,-85.029966,poi
63586,36.185930,-95.343020,city
63587,38.840280,-97.611420,city
63588,42.699014,-87.916240,city
63594,37.344210,-86.754710,city
63595,40.748180,-84.147305,city
63596,36.227265,-89.726185,poi
63597,32.342178,-108.681570,poi
63598,43.797198,-90.050816,poi
63599,40.760780,-111.891050,city
63600,32.273209,-90.191716,poi
63601,32.726804,-97.825733,poi
63602,34.946528,-104.637930,poi
63603,31.328237,-94.689929,city
63604,29.648580,-81.637580,city
63605,38.137020,-85.074400,city
63606,40.048370,-86.469170,city
63607,43.963971,-90.374972,poi
63608,42.264549,-89.020601,city
63609,42.264549,-89.020601,city
63612,27.446710,-80.325610,city
63613,32.350360,-108.708660,city
63614,40.115107,-85.573443,city
63615,37.105680,-80.685340,city
63616,42.393378,-83.761328,poi
63619,32.508450,-92.193407,poi
63620,32.279778,-90.154415,poi
63621,32.783060,-96.806670,city
63623,27.414075,-80.400180,poi
63624,30.234930,-92.268460,city
63625,39.729560,-75.467970,city
63627,34.467768,-89.005799,poi
63628,30.872923,-88.046655,poi
63629,44.578620,-91.210241,poi
63630,39.808320,-104.933870,city
63635,39.001103,-96.863639,poi
63636,31.430890,-110.962535,poi
63637,39.958210,-83.368599,poi
63639,39.523650,-87.125020,city
63640,38.056470,-83.943260,city
63641,27.983630,-82.275650,city
63642,35.233970,-92.387650,city
63648,33.481414,-84.134416,poi
63649,31.034293,-82.761207,poi
63651,33.982073,-83.347589,poi
63652,42.479973,-91.889185,poi
63653,42.082440,-110.955190,city
63661,34.961760,-89.829530,city
63662,32.653760,-83.759630,city
63667,33.286000,-79.692570,city
63668,33.664880,-80.777870,city
63669,32.589020,-96.685270,city
63671,42.056410,-104.165574,poi
63676,44.223488,-85.805478,poi
63680,43.132030,-71.549240,city
63685,35.221750,-88.318090,city
63690,33.827339,-93.395895,city
63691,30.419960,-83.301130,city
63694,33.484866,-89.770119,poi
63695,33.737050,-85.032440,city
63697,36.980380,-76.429750,city
63699,41.823360,-90.538190,city
63700,42.524760,-83.536330,city
63701,40.530780,-112.298280,city
63702,38.254240,-85.759410,city
63703,39.961180,-82.998790,city
63704,39.127110,-84.514390,city
63706,43.000564,-87.905143,city
63715,40.848560,-111.906880,city
63716,42.271130,-89.094000,city
63718,41.933617,-89.035877,poi
63720,33.448380,-112.074040,city
63721,27.790300,-97.668880,city
63722,30.452140,-91.210110,city
63724,35.614520,-88.813950,city
63725,34.165330,-84.802310,city
63726,36.153980,-95.992770,city
63727,42.098690,-75.917970,city
63728,41.619614,-90.785349,city
63729,40.739943,-114.066096,poi
63730,39.747850,-81.516510,city
63731,30.253323,-93.012135,poi
63732,32.773651,-111.620072,poi
63734,35.239554,-77.577147,poi
63736,31.040290,-104.830730,city
63737,30.235760,-92.185400,city
63738,40.268060,-96.746970,city
63740,36.677271,-79.374868,poi
63741,37.345748,-77.344001,poi
63743,41.313994,-75.754192,poi
63744,37.344210,-86.754710,city
63745,38.205040,-87.574190,city
63746,35.077878,-81.704089,poi
63747,38.457110,-85.299735,city
63751,32.298760,-90.184810,city
63752,41.153950,-80.701470,city
63753,34.502590,-84.951050,city
63754,38.200110,-80.851210,city
63755,35.403917,-94.521509,poi
63756,33.524644,-82.033081,city
63759,36.693690,-94.963020,city
63760,29.595770,-90.719530,city
63761,45.209960,-93.664960,city
63762,41.250590,-87.831430,city
63763,41.333370,-89.091750,city
63764,31.728223,-96.182832,poi
63766,41.800089,-83.694028,poi
63767,33.737310,-101.836560,city
63768,39.002428,-93.733451,poi
63770,41.772000,-80.854530,city
63771,42.488310,-93.544930,city
63773,39.239427,-94.437278,poi
63774,39.633652,-77.807106,city
63775,42.494156,-88.997644,poi
63776,44.144477,-93.988647,poi
63777,44.090463,-93.219247,poi
63778,44.884358,-93.031052,city
63781,39.600620,-82.946010,city
63782,38.416680,-95.853040,city
63787,30.452259,-88.933159,poi
63789,41.318650,-87.200310,city
63790,36.107752,-83.339454,city
63791,31.549330,-97.146670,city
63792,29.187200,-82.140090,city
63793,36.434104,-99.427613,poi
63794,33.117029,-95.633908,poi
63795,36.451690,-103.184100,city
63796,36.095970,-79.266960,city
63798,36.771416,-81.777447,poi
63799,35.305475,-95.588756,poi
63800,41.236391,-73.022913,poi
63801,39.156412,-94.476313,poi
63802,35.198070,-111.651270,city
63803,35.500640,-94.051590,city
63805,27.752250,-98.069720,city
63812,37.601730,-85.905520,city
63813,29.424120,-98.493630,city
63828,34.214284,-86.167908,poi
63829,33.104581,-86.735616,poi
63836,34.783150,-91.746520,city
63841,33.267070,-93.239330,city
63846,35.059540,-94.252710,city
63848,33.477338,-94.007844,poi
63850,35.238774,-111.822161,poi
63854,34.779550,-94.049100,city
63855,31.962643,-110.344892,poi
63856,34.397810,-112.236270,city
63870,39.875277,-104.857517,poi
63871,39.154111,-108.739063,poi
63876,28.304808,-81.445369,poi
63887,34.379597,-84.907611,poi
63893,33.749000,-84.387980,city
63894,34.176268,-84.792799,city
63895,34.765910,-84.769940,city
63904,31.995429,-81.150006,poi
63907,34.153091,-83.650622,poi
63909,30.812972,-81.628250,poi
63910,32.840690,-83.632400,city
63912,30.760345,-81.655920,poi
63914,34.381971,-83.676694,poi
63915,32.574860,-84.827150,city
63922,30.836580,-83.978780,city
63925,30.754335,-83.273500,poi
63931,34.418958,-79.415906,poi
63937,40.748890,-95.813610,city
63938,41.009720,-95.225550,city
63942,29.926481,-90.082365,city
63946,41.482202,-88.030250,poi
63955,39.732463,-89.924717,poi
63957,39.165330,-86.526390,city
63959,41.832351,-88.201719,poi
63960,41.429770,-84.871350,city
63962,41.674084,-85.917670,city
63964,29.310735,-98.618161,poi
63965,40.279480,-86.510840,city
63966,41.130600,-85.128860,city
63972,41.721440,-85.420540,city
63977,38.199790,-86.344140,city
63978,41.675330,-85.706100,city
63979,30.147150,-91.961230,city
63988,37.533940,-95.826650,city
63990,39.759160,-94.949690,city
63992,38.280580,-95.241920,city
63994,39.028610,-96.831400,city
63997,37.690300,-96.782250,city
64001,37.622250,-96.228050,city
64002,37.829207,-85.723758,poi
64003,37.401990,-86.875830,city
64016,37.199673,-86.704546,poi
64020,31.311290,-92.445140,city
64021,30.726570,-90.508980,city
64028,29.948260,-91.988730,city
64029,30.020760,-90.829820,city
64030,29.854930,-89.990630,city
64034,29.796040,-91.501500,city
64036,29.595770,-90.719530,city
64040,30.252945,-93.015337,poi
64042,30.066980,-90.481470,city
64043,32.037660,-93.700180,city
64044,29.926481,-90.082365,city
64045,30.452140,-91.210110,city
64047,30.452140,-91.210110,city
64048,30.452140,-91.210110,city
64049,29.572440,-90.381750,city
64050,29.899370,-90.100350,city
64058,30.190760,-93.581270,city
64059,33.005970,-93.466840,city
64060,32.871530,-93.987400,city
64062,42.077320,-71.629510,city
64063,42.150090,-71.868410,city
64069,38.696780,-76.847750,city
64072,43.378920,-84.659730,city
64082,42.983580,-83.928393,poi
64083,41.773620,-83.727320,city
64084,42.258370,-84.599690,city
64085,42.253949,-83.309384,poi
64087,42.490440,-83.013040,city
64091,45.976350,-94.362500,city
64092,31.205180,-85.381880,city
64097,45.102108,-95.043996,poi
64098,43.619960,-95.596400,city
64101,37.383930,-93.151300,city
64106,37.084230,-94.513280,city
64112,37.215330,-93.298240,city
64116,42.753370,-84.746380,city
64120,46.475230,-89.939890,city
64122,35.171910,-103.726860,city
64124,45.493785,-94.149351,poi
64126,47.263872,-93.620063,poi
64132,34.934250,-88.522270,city
64139,30.925190,-88.590020,city
64153,36.004118,-78.879292,poi
64155,36.146095,-78.722864,poi
64156,35.722203,-78.643245,city
64163,34.985430,-80.549510,city
64167,42.865090,-71.373950,city
64170,35.162940,-78.736130,city
64171,34.992816,-78.139351,poi
64172,40.962780,-96.441120,city
64173,40.862575,-96.637803,poi
64181,40.427880,-74.415980,city
64182,40.834270,-74.008750,city
64183,40.557600,-74.284590,city
64187,35.521739,-105.252204,poi
64189,35.153874,-103.724500,poi
64195,42.021740,-76.366880,city
64201,34.806550,-78.971140,city
64206,40.217050,-74.742940,city
64210,40.579270,-74.411540,city
64211,32.420670,-104.228840,city
64215,33.257060,-103.317730,city
64216,42.281740,-76.696890,city
64218,42.781622,-74.029214,poi
64221,41.081440,-81.519010,city
64223,41.313940,-81.685130,city
64224,41.313940,-81.685130,city
64227,39.221740,-81.797360,city
64229,39.980149,-82.485016,poi
64230,39.961730,-82.491270,city
64231,41.397820,-82.222380,city
64233,39.262000,-84.819950,city
64235,41.114500,-83.177970,city
64236,40.827280,-83.281310,city
64243,34.637188,-99.299417,poi
64244,33.934540,-96.428600,city
64256,35.406601,-94.529761,poi
64261,35.623440,-95.960550,city
64264,34.167040,-97.997540,city
64265,35.526160,-98.707570,city
64270,40.104550,-74.951280,city
64274,40.152410,-76.818900,city
64275,40.094923,-75.363726,poi
64282,41.060640,-75.774080,city
64285,35.166014,-81.450970,poi
64287,33.917228,-81.551488,poi
64288,34.218210,-80.248410,city
64294,34.656520,-81.965100,city
64298,34.310369,-81.576256,poi
64299,32.781757,-80.149682,poi
64300,34.884873,-81.978479,poi
64301,33.916530,-81.513440,city
64307,32.937120,-80.540940,city
64309,33.993490,-81.073980,city
64310,33.186000,-80.575650,city
64313,43.543690,-96.727960,city
64314,43.997200,-97.362290,city
64336,43.978580,-90.504020,city
64337,32.157380,-94.337420,city
64343,32.612060,-99.814260,city
64347,36.582675,-79.355305,poi
64350,28.339255,-98.025942,city
64352,30.908461,-102.883835,poi
64355,31.706065,-98.122584,poi
64360,28.094460,-97.828050,city
64374,33.951480,-98.668670,city
64382,31.307680,-96.631920,city
64390,31.997350,-102.077910,city
64393,29.729198,-98.079564,poi
64399,34.724780,-100.534010,city
64406,31.655170,-96.788880,city
64407,27.360590,-98.123620,city
64408,29.217207,-98.414337,city
64409,29.424120,-98.493630,city
64420,31.903780,-94.395200,city
64421,33.430670,-96.338590,city
64422,30.149270,-93.979201,poi
64423,29.279756,-98.669028,poi
64430,41.711870,-112.165510,city
64431,41.711870,-112.165510,city
64435,36.581468,-79.349254,poi
64436,36.712512,-77.572336,poi
64438,36.698750,-78.901400,city
64441,36.769995,-76.606517,poi
64442,48.846500,-122.591010,city
64445,44.250225,-91.472319,poi
64446,42.510903,-89.038315,poi
64447,44.729756,-88.447011,poi
64451,38.000781,-75.540989,poi
64455,38.080107,-78.923122,poi
64463,44.427318,-89.515427,city
64474,36.995330,-91.703760,city
64477,35.642667,-82.040166,poi
64478,41.269156,-110.941386,poi
64479,42.049430,-92.907980,city
64480,37.971690,-100.872660,city
64481,37.084230,-94.513280,city
64482,32.603231,-90.072540,poi
64484,30.653625,-87.759465,poi
64485,32.641462,-96.780458,poi
64486,33.567060,-84.581040,city
64487,39.149321,-88.529990,poi
64488,30.294202,-91.913953,poi
64490,33.749000,-84.387980,city
64491,41.600870,-87.606990,city
64492,39.734552,-86.256253,city
64493,38.953620,-94.733570,city
64494,42.265273,-83.174568,poi
64495,42.378025,-83.403383,poi
64496,42.233389,-83.318839,poi
64498,42.528552,-83.037428,poi
64499,38.767000,-90.411510,city
64500,39.099730,-94.578570,city
64501,35.227090,-80.843130,city
64502,39.961180,-82.998790,city
64503,41.663940,-83.555210,city
64508,43.073050,-89.401230,city
64509,43.000564,-87.905143,city
64511,43.000564,-87.905143,city
64512,42.976400,-88.108420,city
64514,31.996459,-106.586399,poi
64517,44.967174,-92.375318,city
64519,41.169530,-75.877420,city
64520,39.870443,-84.932819,poi
64521,34.005192,-94.740263,poi
64524,44.250120,-76.949440,city
64525,41.140044,-80.719332,poi
64526,35.971170,-87.781970,city
64527,38.457110,-85.299735,city
64528,35.272804,-81.496627,poi
64529,35.194713,-101.739376,poi
64530,33.560177,-83.479582,poi
64532,33.294570,-83.966020,city
64533,32.968508,-97.416971,poi
64534,43.477905,-70.453306,poi
64535,34.369830,-83.235160,city
64536,42.724070,-114.518650,city
64537,31.549330,-97.146670,city
64538,41.610590,-87.064200,city
64545,31.720160,-85.816060,city
64546,34.152040,-85.678850,city
64554,34.792580,-85.909980,city
64558,32.364310,-88.703660,city
64569,30.740902,-88.110966,poi
64571,36.174970,-115.137220,city
64572,33.266045,-87.602659,poi
64578,32.453397,-85.013313,poi
64581,34.026210,-86.326090,city
64592,32.838740,-86.629430,city
64595,30.406480,-87.005530,city
64599,34.974530,-92.016530,city
64600,35.456683,-93.483778,poi
64610,36.086190,-93.741300,city
64617,35.698568,-90.047961,poi
64647,32.548220,-82.871810,city
64648,33.749000,-84.387980,city
64651,39.734552,-86.256253,city
64654,30.257700,-91.099270,city
64655,36.107360,-79.658640,city
64656,35.227090,-80.843130,city
64660,43.011680,-88.231480,city
64662,43.000564,-87.905143,city
64664,40.626449,-89.465267,poi
64671,44.294680,-90.851530,city
64672,39.838380,-85.438860,city
64673,41.541430,-86.900580,city
64674,41.676490,-71.915070,city
64675,38.952820,-91.939070,city
64676,35.462021,-97.687273,poi
64677,38.025630,-84.495220,city
64678,41.288910,-91.552380,city
64679,34.608195,-92.532896,poi
64681,32.738304,-111.549372,poi
64682,35.291160,-99.640100,city
64683,33.825435,-84.362183,city
64684,39.696817,-86.188362,poi
64687,34.769800,-84.970220,city
64689,42.983390,-81.233040,city
64702,51.633430,-111.901810,city
64706,31.122955,-87.065548,poi
64712,31.223230,-85.390490,city
64713,31.292551,-85.865055,poi
64715,32.438250,-86.474452,poi
64718,31.913490,-87.735840,city
64719,32.844411,-85.181825,poi
64721,34.911878,-91.195428,poi
64723,33.887050,-91.491790,city
64724,36.062580,-94.157430,city
64755,38.939587,-92.774485,poi
64764,40.037470,-107.913130,city
64765,40.618019,-103.182531,poi
64773,39.449560,-75.716320,city
64775,39.449404,-75.715582,poi
64777,26.529444,-80.076651,poi
64778,29.959120,-82.928180,city
64779,28.522504,-82.303638,poi
64789,25.774270,-80.193660,city
64793,30.037592,-81.897854,poi
64795,28.538340,-81.379240,city
64798,26.715340,-80.053370,city
64803,27.946918,-82.440205,poi
64804,27.947520,-82.458430,city
64811,32.072390,-84.232690,city
64815,32.319040,-84.517140,city
64819,33.630406,-84.343811,poi
64820,31.040460,-84.879090,city
64825,32.607080,-84.937150,city
64831,31.928269,-82.679101,poi
64833,31.179910,-83.789060,city
64834,31.179910,-83.789060,city
64840,34.012815,-85.046870,poi
64842,32.433526,-81.780824,poi
64843,32.448790,-81.783170,city
64850,32.868565,-82.394926,poi
64856,41.361261,-93.789693,poi
64857,41.013890,-93.306600,city
64859,41.600540,-93.609110,city
64860,42.500560,-90.664570,city
64862,43.127750,-92.736300,city
64863,40.629760,-91.315150,city
64868,41.008090,-91.164040,city
64871,41.424470,-91.043210,city
64873,42.026650,-96.097240,city
64874,41.033890,-93.765500,city
64875,41.409748,-92.950954,poi
64876,40.748890,-95.813610,city
64877,41.479556,-91.578140,poi
64880,43.423015,-95.109241,poi
64881,42.641090,-95.209720,city
64883,41.494220,-95.221554,poi
64884,42.499990,-96.400310,city
64886,40.710600,-91.230980,city
64887,44.729890,-116.438200,city
64888,45.926550,-116.122370,city
64892,43.676550,-116.911820,city
64894,40.448835,-88.991264,poi
64902,40.396980,-88.870630,city
64907,40.629760,-89.274810,city
64913,40.458008,-90.647148,poi
64914,39.335590,-87.881980,city
64920,41.910095,-89.069445,poi
64928,41.737239,-87.884387,poi
64929,41.178930,-90.315960,city
64930,41.963360,-87.978960,city
64933,40.814206,-84.938019,poi
64938,40.416700,-86.875290,city
64939,41.080600,-86.891960,city
64946,41.431990,-85.019970,city
64949,37.924480,-95.399980,city
64950,39.848974,-95.527617,poi
64952,37.570570,-101.751000,city
64961,39.761670,-95.629980,city
64963,38.397240,-96.536950,city
64964,37.481690,-100.843770,city
64969,37.343400,-85.341910,city
64980,37.187880,-82.898770,city
64982,38.641190,-83.744370,city
64984,37.880630,-84.573000,city
64990,37.056180,-85.088570,city
64994,37.809790,-85.126350,city
64996,29.912340,-90.208385,poi
64998,29.699370,-91.206770,city
64999,32.515990,-93.732120,city
65000,30.273530,-91.899280,city
65002,30.147150,-91.961230,city
65005,32.512650,-92.358470,city
65006,30.494370,-92.417630,city
65007,30.047420,-90.689810,city
65008,29.697710,-90.786480,city
65011,29.595770,-90.719530,city
65017,31.074632,-92.053538,poi
65019,30.125200,-91.833450,city
65021,30.533530,-92.081510,city
65022,29.727430,-90.598980,city
65023,30.243532,-92.269334,poi
65025,32.525150,-93.750180,city
65026,29.973020,-90.299478,poi
65027,30.315480,-93.661830,city
65030,29.795760,-90.822870,city
65033,40.833835,-83.965247,poi
65036,32.457640,-91.493170,city
65037,32.504401,-92.128243,poi
65048,42.544597,-71.874476,poi
65059,39.264773,-76.655334,city
65062,39.623710,-78.015830,city
65064,39.641760,-77.719990,city
65066,38.629000,-75.859315,poi
65067,38.377350,-76.953310,city
65069,44.102582,-70.225584,poi
65074,45.609857,-68.523445,poi
65075,43.685428,-70.328595,poi
65083,42.174210,-83.179370,city
65084,44.202384,-85.406322,poi
65086,42.812969,-82.632765,poi
65088,46.513820,-87.963470,city
65091,42.322260,-83.176310,city
65092,42.312844,-83.271446,poi
65094,45.024999,-84.641983,city
65108,46.355000,-85.509560,city
65113,43.875020,-85.510050,city
65121,42.204760,-83.485210,city
65127,42.913360,-85.705310,city
65129,45.885240,-95.377540,city
65132,47.473560,-94.880280,city
65135,44.954960,-95.366400,city
65136,46.783270,-92.106580,city
65141,44.021521,-92.747246,poi
65142,45.148580,-93.151610,city
65153,45.557190,-94.224160,city
65162,38.485988,-90.357309,poi
65165,37.382270,-89.666210,city
65171,37.106720,-92.580720,city
65177,37.119069,-93.469338,poi
65178,36.503950,-93.223790,city
65180,39.941660,-94.830250,city
65188,34.872320,-89.690640,city
65192,31.629876,-89.579671,poi
65194,31.251840,-89.837580,city
65197,31.604050,-89.195610,city
65198,32.155197,-90.123619,poi
65204,33.540120,-89.124230,city
65212,31.202630,-89.036680,city
65213,31.201276,-89.041229,poi
65214,32.319647,-88.978254,poi
65216,32.312920,-89.798410,city
65221,32.096260,-90.294260,city
65223,34.151500,-89.631470,city
65225,30.858240,-89.135330,city
65234,35.715521,-77.364707,poi
65241,35.397794,-77.964876,city
65246,34.618340,-79.010450,city
65250,34.722716,-76.758541,poi
65251,35.103093,-77.099047,poi
65252,35.965133,-77.303765,poi
65267,35.691020,-77.945834,city
65268,36.053850,-80.321358,poi
65270,46.918070,-104.004370,city
65273,47.933694,-97.096159,poi
65274,48.368890,-99.996250,city
65282,40.166390,-97.585880,city
65283,42.429440,-97.089770,city
65284,40.780840,-99.741500,city
65287,40.738620,-99.537610,city
65289,40.657500,-96.658070,city
65290,41.866630,-103.667170,city
65292,40.657220,-96.186400,city
65293,40.175550,-101.012940,city
65294,42.236313,-96.998755,poi
65296,43.175653,-71.530228,poi
65299,43.033420,-71.074230,city
65308,40.839331,-74.083834,city
65310,40.518720,-74.412100,city
65314,39.722610,-75.165460,city
65315,40.217050,-74.742940,city
65319,39.811500,-74.982940,city
65320,40.892130,-74.685759,poi
65328,40.804270,-74.012080,city
65329,37.201619,-108.686971,poi
65332,39.956220,-75.057950,city
65334,40.695567,-75.189345,poi
65335,40.693710,-75.190180,city
65338,40.735660,-74.172370,city
65339,40.834270,-74.008750,city
65343,40.579270,-74.411540,city
65345,40.454000,-74.482000,city
65350,39.486230,-75.025730,city
65351,39.486230,-75.025730,city
65353,40.557600,-74.284590,city
65359,34.159790,-106.910310,city
65360,33.394370,-104.524910,city
65361,35.416395,-106.402102,poi
65365,38.534727,-118.629332,poi
65373,44.986430,-73.446530,city
65377,42.604800,-73.769570,city
65379,42.178410,-75.624630,city
65381,42.571903,-79.093880,poi
65383,42.027290,-78.629470,city
65386,42.381175,-75.184185,poi
65387,44.578380,-73.526800,city
65392,42.960487,-76.845654,poi
65395,40.861400,-82.282063,poi
65398,41.398380,-81.804580,city
65400,40.808390,-82.975460,city
65406,41.537688,-81.574735,poi
65411,39.052020,-82.636550,city
65415,40.799808,-81.512629,poi
65423,41.609770,-83.564380,city
65426,39.715620,-82.952960,city
65431,40.369790,-80.633960,city
65441,35.393113,-99.405457,city
65444,34.010660,-95.509680,city
65445,33.895660,-94.826330,city
65451,36.447040,-95.708320,city
65457,33.793440,-97.143070,city
65463,43.170399,-80.215967,poi
65469,43.198838,-79.765979,city
65476,42.925323,-81.207256,poi
65484,43.829271,-79.048776,poi
65490,33.380670,-84.799660,city
65494,33.615680,-83.074600,city
65496,42.950080,-82.116510,city
65513,40.053028,-78.511437,poi
65514,40.474540,-76.291340,city
65518,40.563723,-80.227627,poi
65521,39.937600,-76.978590,city
65522,40.114473,-76.032203,poi
65523,40.011470,-78.373350,city
65524,40.011470,-78.373350,city
65525,40.179550,-74.855160,city
65527,39.790370,-77.727770,city
65530,40.285920,-76.650250,city
65532,41.107290,-77.484430,city
65533,40.325350,-79.856160,city
65537,40.472290,-78.833360,city
65538,40.623400,-79.729770,city
65549,40.753990,-75.262120,city
65552,40.152420,-74.986550,city
65556,39.976844,-76.695103,city
65572,33.609344,-81.845849,poi
65573,33.999890,-79.199490,city
65578,32.935279,-80.043755,city
65587,34.511372,-82.306979,poi
65588,32.803262,-80.110443,poi
65593,34.214787,-81.539432,poi
65594,34.924870,-81.025080,city
65598,33.404330,-79.921740,city
65603,43.080540,-96.773660,city
65604,44.363320,-98.214260,city
65608,43.354150,-96.892000,city
65614,44.407760,-98.474820,city
65622,36.595110,-82.188740,city
65624,36.393390,-87.636410,city
65625,35.157394,-86.595161,poi
65629,35.880910,-84.508540,city
65639,35.935390,-86.529872,city
65641,32.448740,-99.733140,city
65652,32.759057,-97.261404,poi
65659,34.256470,-99.516760,city
65666,32.766974,-96.807163,poi
65667,33.234280,-97.586140,city
65671,30.092990,-93.736550,city
65673,28.669049,-100.456104,poi
65674,28.739093,-100.496810,poi
65678,32.329310,-96.625270,city
65683,34.641730,-102.724100,city
65686,34.161504,-99.298219,poi
65690,29.501630,-97.452490,city
65691,29.519885,-97.451114,city
65721,33.358450,-97.694750,city
65724,31.845680,-102.367640,city
65728,26.194800,-98.183620,city
65738,28.030047,-97.083202,poi
65755,36.864449,-81.434410,poi
65759,39.320380,-78.293340,city
65761,36.677650,-76.922460,city
65762,38.909234,-78.197523,poi
65764,39.115660,-77.563600,city
65765,37.276810,-79.100850,city
65767,37.123710,-82.601270,city
65770,44.999604,-73.330072,poi
65771,42.884405,-72.557546,poi
65789,44.530493,-88.746618,poi
65791,44.927190,-89.963460,city
65793,44.024049,-89.810497,poi
65794,44.575290,-87.874096,poi
65796,43.317780,-88.378990,city
65800,43.510262,-88.220028,poi
65804,44.199248,-88.680482,poi
65805,43.591380,-88.443710,city
65806,43.591380,-88.443710,city
65809,44.026075,-90.074709,poi
65810,43.879140,-90.165410,city
65812,44.213860,-89.492340,city
65813,43.539150,-89.462620,city
65814,43.051650,-91.141240,city
65817,45.899670,-91.821010,city
65818,43.893182,-91.078020,poi
65820,43.215711,-89.328776,poi
65822,44.827200,-89.169560,city
65824,40.613120,-80.562850,city
65828,39.296470,-80.777050,city
65831,42.859970,-106.268360,city
65835,43.646070,-108.212040,city
65836,32.957221,-97.307389,city
65837,40.400890,-82.810730,city
65842,33.329168,-82.170640,poi
65847,40.177873,-88.240272,poi
65848,42.988287,-83.675583,poi
65849,42.284340,-84.863208,poi
65857,32.545030,-93.516419,poi
65858,41.620520,-86.699936,poi
65859,41.667768,-85.822291,poi
65860,32.931230,-96.459710,city
65862,38.019923,-79.140978,poi
65863,40.653522,-74.912116,poi
65866,41.872580,-75.727130,city
65868,35.815160,-80.876201,city
65873,36.948450,-81.084810,city
65880,39.175330,-89.654260,city
65883,38.205040,-87.574190,city
65885,33.345079,-96.584363,poi
65897,51.051989,-113.997413,city
65901,53.607250,-113.395329,poi
65909,43.974780,-75.910760,city
65912,34.385930,-96.128330,city
65914,40.937445,-98.358525,poi
65915,46.866504,-96.861168,city
65917,36.690900,-85.134680,city
65919,35.149530,-90.048980,city
65921,46.130304,-64.881809,poi
65935,33.123740,-89.055060,city
65939,50.651572,-120.367067,poi
65962,28.328104,-82.188455,poi
65969,30.953250,-92.182630,city
65974,43.291201,-84.580442,poi
65978,44.093850,-91.749600,city
65983,36.072623,-76.611898,poi
65989,35.030051,-107.475046,poi
66014,32.814020,-96.948890,city
66015,28.044280,-99.348688,poi
66016,38.404800,-82.600440,city
66017,29.894690,-81.314520,city
66020,39.940350,-82.013190,city
66021,37.979807,-85.694812,poi
66022,33.456351,-112.274210,poi
66023,40.748890,-95.813610,city
66024,36.970400,-80.949530,city
66025,45.840410,-119.289460,city
66026,39.120040,-88.543380,city
66029,30.235760,-92.185400,city
66030,41.677770,-93.245200,city
66031,39.794210,-91.523210,city
66034,39.840310,-88.954800,city
66035,42.998538,-89.199627,poi
66036,33.520660,-86.802490,city
66037,33.802610,-93.381010,city
66038,43.439623,-112.115112,poi
66039,32.388034,-91.197458,poi
66040,35.199517,-113.904020,poi
66041,45.591790,-120.698110,city
66042,41.161170,-79.083090,city
66043,32.482360,-96.994450,city
66044,27.983630,-82.275650,city
66045,39.653670,-83.563810,city
66046,41.730880,-84.932740,city
66050,41.276292,-81.626033,poi
66051,36.990320,-86.443600,city
66054,41.139980,-104.820250,city
66055,42.398870,-92.800480,city
66056,35.986192,-85.012446,poi
66057,42.491008,-88.998312,poi
66059,35.972536,-83.248244,poi
66061,41.107290,-77.484430,city
66062,43.543690,-96.727960,city
66065,36.948700,-84.096880,city
66068,46.495300,-84.345320,city
66069,42.329260,-71.253670,city
66070,40.693710,-75.190180,city
66072,30.489360,-99.772010,city
66073,37.081037,-88.673809,poi
66074,36.757000,-90.392890,city
66075,34.495186,-81.845402,poi
66078,35.816760,-83.143210,city
66083,33.058000,-89.589560,city
66090,26.093376,-98.201908,poi
66091,37.040430,-78.483330,city
66093,43.877375,-92.489867,poi
66099,40.768430,-74.145420,city
66100,32.935279,-80.043755,city
66103,35.461036,-114.918428,poi
66106,38.276910,-112.641050,city
66109,30.533530,-92.081510,city
66110,42.434695,-96.380330,poi
66111,39.818340,-100.528200,city
66113,40.735887,-74.056639,poi
66114,39.722228,-94.786141,poi
66115,41.156450,-80.569240,city
66116,41.824255,-75.678944,city
66117,40.548420,-76.384680,city
66119,38.701440,-90.148720,city
66120,36.015370,-83.414890,city
66121,39.613042,-86.070834,poi
66122,39.792249,-88.268130,poi
66123,41.402649,-89.468589,poi
66125,39.960965,-89.563046,poi
66126,32.444395,-93.983480,poi
66131,40.530768,-74.325699,poi
66133,28.182510,-81.823970,city
66134,30.468174,-87.205222,city
66135,30.468174,-87.205222,city
66136,35.097636,-94.633478,poi
66137,30.246945,-89.761090,city
66138,33.294570,-83.966020,city
66139,38.946500,-78.439170,city
66141,25.774270,-80.193660,city
66142,27.947520,-82.458430,city
66149,27.947520,-82.458430,city
66152,39.550050,-86.079710,city
66155,30.455696,-97.602692,poi
66156,30.674360,-96.369960,city
66167,53.335866,-113.542255,poi
66172,27.612402,-99.522669,poi
66173,29.695227,-97.103797,poi
66174,30.509092,-99.772854,poi
66176,34.999330,-78.091100,city
66177,35.295140,-79.745320,city
66178,26.387104,-98.139958,poi
66179,39.617907,-119.267193,poi
66182,32.574860,-84.827150,city
66183,32.364590,-89.474230,city
66184,43.059230,-77.612220,city
66185,31.463790,-96.058020,city
66186,27.225734,-98.139940,city
66190,49.248702,-122.868511,poi
66193,58.802230,-122.683407,poi
66195,42.392703,-71.610715,poi
66196,32.184040,-96.884720,city
66198,33.543893,-81.838238,poi
66203,53.920963,-122.769773,poi
66217,53.396596,-117.600944,poi
66219,49.691195,-112.838780,poi
66221,42.790762,-88.389543,poi
66223,27.605420,-99.517556,poi
66224,42.149267,-88.511603,poi
66225,41.553283,-89.066801,poi
66227,38.313132,-88.961799,poi
66229,35.684010,-82.009270,city
66230,39.395840,-101.052380,city
66235,37.747860,-84.294650,city
66236,40.819315,-97.998491,poi
66237,35.029669,-106.948835,poi
66238,42.905630,-74.571810,city
66239,26.663960,-80.716170,city
66241,41.115850,-98.001720,city
66242,40.437549,-99.367614,poi
66243,45.123402,-67.348407,poi
66244,28.339255,-98.025942,city
66247,42.135650,-71.970070,city
66248,43.584263,-70.361682,poi
66249,43.040165,-71.064654,poi
66250,36.013077,-78.516823,poi
66252,44.764131,-68.706119,poi
66255,44.396135,-71.200364,poi
66257,41.676227,-107.983255,poi
66258,43.616503,-71.639115,poi
66259,31.113854,-97.400537,city
66261,35.315624,-78.626146,poi
66263,40.453980,-75.817980,city
66266,41.674084,-85.917670,city
66267,41.195040,-87.198640,city
66272,35.955690,-80.005320,city
66273,34.014340,-86.006390,city
66274,41.111590,-114.964490,city
66278,41.520493,-74.113151,poi
66279,52.230877,-113.799727,poi
66284,44.810880,-73.083190,city
66285,33.611012,-84.298908,poi
66286,35.957845,-84.001511,city
66290,44.955250,-90.434580,city
66292,33.691437,-85.189986,poi
66293,34.963410,-85.411070,city
66294,42.753370,-84.746380,city
66295,42.870252,-87.940928,poi
66299,42.193980,-71.760070,city
66300,35.390347,-89.410704,poi
66301,44.212573,-88.403281,city
66303,44.905616,-89.605816,city
66307,30.726570,-90.508980,city
66310,40.153960,-79.741150,city
66313,36.758215,-89.540981,poi
66314,41.959270,-83.675373,poi
66315,41.679897,-86.893552,poi
66316,35.957845,-84.001511,city
66317,35.710070,-86.399440,city
66318,37.836056,-92.100778,poi
66319,42.314261,-89.029845,poi
66320,43.007307,-83.072036,poi
66322,38.155807,-88.910277,poi
66323,46.871310,-113.881770,city
66328,32.496044,-82.981502,poi
66329,35.094856,-81.668007,poi
66332,32.431250,-96.667770,city
66334,37.058940,-88.132530,city
66337,44.348310,-106.698940,city
66338,33.154021,-94.972840,poi
66339,25.774270,-80.193660,city
66341,34.071455,-99.009376,poi
66342,32.085701,-83.759922,poi
66346,40.041150,-86.874450,city
66348,34.912870,-91.110120,city
66349,34.742326,-92.355398,poi
66352,43.995282,-88.543112,city
66353,37.711973,-89.891586,poi
66355,35.139217,-82.104098,poi
66357,41.370231,-89.008879,poi
66361,34.217890,-90.542040,city
66362,34.195430,-79.762560,city
66363,37.393910,-97.281150,city
66364,27.993508,-82.122037,poi
66365,40.428990,-74.867670,city
66368,42.904790,-76.862740,city
66369,39.877269,-86.474864,poi
66370,35.714956,-77.894521,city
66371,31.390460,-92.669310,city
66372,31.055380,-97.445360,poi
66374,31.603510,-94.655490,city
66376,35.842300,-90.704280,city
66377,32.666169,-97.420687,poi
66382,40.469170,-93.987170,city
66383,31.943780,-94.244090,city
66385,32.615430,-93.286840,city
66386,36.744093,-79.936268,poi
66388,32.190460,-83.749329,poi
66391,54.150150,-115.685480,city
66392,33.208591,-92.720724,city
66393,40.116150,-87.778360,city
66396,30.937229,-90.526343,poi
66399,33.427448,-86.707880,city
66400,33.604190,-114.525230,city
66404,32.890901,-96.687725,city
66405,43.419470,-83.950810,city
66406,36.611820,-77.546650,city
66407,34.438631,-85.756599,poi
66410,34.668980,-87.309460,city
66416,36.395710,-76.931900,city
66418,53.590945,-116.386135,poi
66420,47.189814,-114.886418,poi
66422,30.290050,-91.234970,city
66424,33.571824,-112.065921,city
66425,30.393970,-88.890956,poi
66428,34.505370,-92.205700,city
66437,36.107752,-83.339454,city
66439,39.443390,-89.651760,city
66440,41.850030,-87.650050,city
66447,41.112653,-88.413119,poi
66448,30.504630,-90.462930,city
66449,35.928672,-89.878851,poi
66451,43.176745,-84.705176,poi
66454,30.053810,-90.551750,city
66456,29.981870,-90.831760,city
66460,30.147150,-91.961230,city
66461,33.408981,-102.160129,poi
66465,38.343660,-89.380640,city
66470,32.476145,-86.364318,poi
66472,31.020253,-87.504578,poi
66474,43.048120,-76.147420,city
66475,32.675100,-115.498255,poi
66478,39.048060,-95.579150,city
66480,37.179500,-85.906920,city
66487,41.813874,-87.881630,poi
66488,40.243370,-88.642570,city
66495,30.236590,-93.377380,city
66496,30.632410,-87.039690,city
66502,30.222430,-92.657080,city
66504,29.858280,-94.626860,city
66507,45.866140,-84.727510,city
66508,41.663940,-83.555210,city
66509,40.742550,-84.105230,city
66512,42.007536,-83.317050,poi
66513,44.242297,-84.224611,poi
66514,30.991310,-83.372660,city
66516,31.137270,-83.424080,city
66517,46.492255,-84.374133,poi
66518,30.894515,-83.349155,poi
66523,31.414720,-83.502859,poi
66525,41.806990,-83.442430,city
66527,40.266486,-103.620944,poi
66528,39.266740,-81.561510,city
66529,36.118255,-80.795347,poi
66531,40.474540,-76.291340,city
66532,40.707040,-74.956000,city
66534,38.933716,-92.779923,poi
66537,41.448090,-90.154280,city
66538,41.438720,-95.612605,poi
66539,41.304220,-82.975190,city
66547,39.256490,-78.096110,city
66548,33.551834,-101.834892,city
66550,45.917971,-119.326816,poi
66552,43.545440,-116.813200,city
66553,44.774870,-117.834380,city
66556,36.726530,-78.128890,city
66560,34.563710,-82.898480,city
66562,34.511210,-82.985430,city
66564,35.920541,-80.000604,city
66565,42.113908,-79.247426,poi
66571,42.452524,-71.232001,poi
66573,37.692240,-97.337540,city
66579,42.304250,-73.248160,city
66582,38.968850,-112.323550,city
66584,36.675800,-114.620820,city
66586,42.913960,-75.379060,city
66588,43.709430,-98.029800,city
66594,32.540440,-82.903750,city
66595,42.135650,-71.970070,city
66597,32.582940,-82.155120,city
66598,36.994520,-95.620260,city
66601,40.554688,-85.549056,poi
66603,43.594700,-96.571990,city
66604,41.607740,-86.713890,city
66606,43.133410,-72.443980,city
66607,42.917660,-71.376119,poi
66608,45.664872,-94.812795,poi
66612,44.385790,-91.014320,city
66613,30.173497,-93.588819,poi
66614,42.401887,-83.169847,poi
66615,43.192299,-88.262365,city
66618,33.914236,-80.383963,city
66620,37.757901,-77.467496,poi
66622,40.728160,-74.077640,city
66624,40.087330,-74.903500,city
66625,44.087300,-69.798930,city
66628,32.287140,-81.080670,city
66631,42.756452,-85.075291,poi
66632,34.297880,-83.824070,city
66635,37.854220,-90.518180,city
66637,30.431580,-98.344740,city
66640,32.962646,-87.169860,poi
66643,36.083960,-89.829250,city
66645,32.470680,-100.012870,city
66648,33.363869,-86.997947,poi
66649,34.889270,-94.600780,city
66659,38.735180,-86.492091,poi
66664,42.227261,-91.869339,city
66667,41.935596,-89.034942,poi
66668,28.538340,-81.379240,city
66669,30.314650,-81.849586,city
66670,35.413208,-78.807686,poi
66671,34.618129,-86.023426,poi
66673,34.628716,-86.566346,poi
66676,35.841919,-98.419882,poi
66678,35.528080,-108.742580,city
66680,32.457640,-91.493170,city
66683,34.500370,-91.552630,city
66689,32.445950,-100.538720,city
66693,35.107560,-103.328560,city
66705,33.936861,-98.517673,poi
66709,34.963410,-85.411070,city
66715,40.161144,-105.045542,poi
66717,42.054070,-104.952950,city
66718,40.693650,-89.588990,city
66720,35.318730,-82.460950,city
66721,30.419920,-92.046510,city
66725,38.157662,-85.833445,city
66728,36.947658,-81.056839,city
66734,33.610110,-84.287980,city
66737,39.555594,-95.151124,poi
66738,39.518980,-94.784036,poi
66739,44.311849,-96.787939,poi
66741,40.379000,-74.546540,city
66742,39.729560,-75.467970,city
66746,34.616553,-92.498815,poi
66747,42.455078,-88.997666,poi
66749,29.946870,-90.323130,city
66750,37.817240,-96.862250,city
66751,38.403900,-96.181660,city
66756,41.027388,-93.789345,poi
66760,33.458620,-80.735445,poi
66761,33.843459,-79.087234,city
66762,32.329310,-96.625270,city
66763,34.965916,-80.062135,poi
66765,26.027752,-97.531414,poi
66767,34.258070,-88.704640,city
66769,30.799960,-81.689830,city
66771,26.301740,-98.163340,city
66773,32.702610,-103.136040,city
66774,41.573660,-84.005220,city
66775,39.579287,-82.521816,poi
66776,41.050330,-83.401870,city
66778,35.748680,-96.658070,city
66780,31.433500,-86.956920,city
66784,32.411978,-87.012562,poi
66785,33.928990,-87.817250,city
66786,35.033975,-91.957270,poi
66787,31.360275,-89.348778,city
66788,35.601503,-84.526714,poi
66793,32.914642,-79.886442,city
66795,43.727480,-97.593120,city
66796,38.723849,-75.589335,poi
66799,30.518270,-82.948190,city
66800,29.504359,-98.368547,city
66801,30.604100,-83.097920,city
66802,27.472098,-81.466201,poi
66803,26.182931,-98.206261,city
66804,41.587460,-109.202900,city
66805,34.913433,-85.123655,city
66807,32.890901,-96.687725,city
66809,41.185721,-91.195521,poi
66810,41.955030,-87.940070,city
66812,40.760870,-87.150850,city
66813,40.487260,-85.613030,city
66815,36.610330,-88.314760,city
66816,44.666195,-69.630447,poi
66817,33.913710,-98.493390,city
66819,41.822727,-89.475369,poi
66820,30.273530,-91.899280,city
66821,38.896157,-75.817584,poi
66822,34.357484,-88.841664,poi
66824,31.375722,-100.488552,poi
66827,42.922131,-78.968428,poi
66829,44.278993,-76.567679,poi
66831,46.453583,-81.004684,poi
66833,26.182931,-98.206261,city
66834,40.913481,-89.053575,poi
66836,53.516840,-113.318700,city
66838,40.713960,-77.590550,city
66843,31.758720,-106.486930,city
66844,27.490976,-97.845714,poi
66845,31.271316,-85.447740,poi
66846,33.282211,-86.362459,poi
66847,33.601798,-85.832936,poi
66848,34.620353,-89.952905,poi
66850,27.303490,-97.815739,poi
66853,27.529961,-97.842755,poi
66854,40.567830,-84.193560,city
66856,45.419410,-94.048870,city
66858,33.306160,-111.841250,city
66859,52.132380,-106.668920,city
66862,36.139569,-85.630363,poi
66863,35.644240,-86.626110,city
66865,33.913710,-98.493390,city
66867,42.068370,-90.678185,poi
66868,26.215591,-98.349881,city
66869,36.989310,-79.482530,city
66870,41.392270,-84.125220,city
66874,33.577860,-101.855170,city
66876,37.236710,-87.475280,city
66877,46.758810,-114.080940,city
66878,45.783290,-108.500690,city
66879,35.246470,-92.936560,city
66880,41.026856,-76.319013,poi
66881,38.028070,-97.940330,city
66888,42.565135,-113.740205,poi
66890,36.643273,-83.700775,poi
66892,42.272260,-84.963310,city
66893,33.559000,-97.848650,city
66894,35.784935,-95.401430,poi
66895,36.678370,-97.310040,city
66897,32.269860,-86.357190,city
66898,37.268040,-77.407260,city
66899,35.000699,-80.977586,poi
66900,34.060650,-86.767500,city
66902,43.289598,-71.834060,poi
66905,43.039310,-71.161496,poi
66906,32.624444,-96.693602,poi
66908,36.947658,-81.056839,city
66911,32.411306,-88.505481,poi
66912,37.677480,-113.061890,city
66914,35.596270,-78.124160,city
66915,36.970400,-80.949530,city
66918,41.052530,-89.050360,city
66920,35.214992,-80.780338,city
66921,31.938270,-81.303440,city
66922,31.845680,-102.367640,city
66923,34.227131,-83.500071,poi
66925,34.924870,-81.025080,city
66927,38.056470,-83.943260,city
66928,27.506410,-99.507540,city
66929,38.624500,-90.150940,city
66931,42.172973,-91.777406,poi
66932,40.923476,-90.648754,poi
66935,44.199440,-87.721480,city
66937,37.981976,-91.719292,poi
66939,44.430568,-88.056303,city
66941,33.043615,-96.177877,poi
66942,41.510210,-112.015500,city
66944,29.285810,-81.055890,city
66945,37.441810,-77.043580,city
66946,49.875300,-97.408960,city
66947,49.884400,-97.147040,city
66948,43.127663,-76.078759,poi
66951,31.135170,-99.335060,city
66953,38.490498,-85.768904,poi
66954,35.074985,-89.951131,poi
66955,32.685965,-114.583424,poi
66956,37.004126,-88.318338,poi
66957,35.644320,-86.891702,poi
66958,51.300110,-114.035280,city
66959,32.346234,-88.728240,poi
66961,27.997157,-82.017860,city
66962,39.583354,-85.817721,poi
66963,43.944130,-90.812910,city
66964,40.834374,-83.245535,poi
66965,33.326800,-83.388500,city
66966,39.653670,-83.563810,city
66967,42.262979,-82.461107,poi
66968,40.394490,-91.583210,city
66972,47.590578,-117.561004,poi
66973,49.884400,-97.147040,city
66976,49.166380,-121.952570,city
66977,49.057980,-122.252570,city
66978,43.644150,-79.569850,city
66979,55.166670,-118.802710,city
66981,55.759840,-120.240300,city
66983,53.916600,-122.753010,city
66984,43.578900,-79.658300,city
66986,49.206780,-122.910920,city
66987,33.470690,-82.504570,city
66988,49.683623,-112.777785,poi
66991,51.050110,-114.085290,city
66992,51.050110,-114.085290,city
66993,41.341671,-86.264333,poi
66994,41.416375,-84.104297,poi
66995,42.377451,-77.364106,poi
66997,32.582269,-93.249661,poi
67007,53.333430,-113.535310,city
67008,38.729210,-89.883150,city
67009,43.144827,-93.358343,poi
67011,51.216700,-102.467660,city
67014,49.972820,-98.292630,city
67016,50.450080,-104.617800,city
67018,53.285692,-110.035382,poi
67019,49.112459,-116.524597,poi
67020,49.499910,-115.768790,city
67024,50.400050,-105.534450,city
67027,49.416940,-82.433080,city
67030,43.659741,-93.315465,poi
67031,49.089170,-123.053220,city
67034,41.173992,-83.652019,poi
67037,40.988670,-81.994870,city
67038,31.581235,-84.085361,poi
67039,38.543531,-90.440509,poi
67040,31.223230,-85.390490,city
67041,44.785427,-69.731993,poi
67044,33.781140,-113.614650,city
67047,43.693661,-98.014827,poi
67049,51.050110,-114.085290,city
67051,38.487984,-90.758389,poi
67053,27.506410,-99.507540,city
67054,40.760780,-111.891050,city
67055,42.650470,-112.193020,city
67056,47.667460,-96.010040,city
67057,42.498025,-73.674637,poi
67058,39.907790,-88.894956,poi
67060,47.044910,-122.901690,city
67063,29.677366,-98.157501,poi
67064,35.526614,-98.352684,poi
67065,32.442930,-93.972960,city
67066,41.699710,-93.047980,city
67067,40.077717,-104.648425,poi
67069,39.263880,-103.692170,city
67070,36.172049,-86.865291,poi
67071,38.833380,-90.095940,city
67073,40.922840,-80.142280,city
67075,30.726570,-90.508980,city
67076,30.487400,-90.957530,city
67077,30.147150,-91.961230,city
67078,30.487400,-90.957530,city
67081,33.158814,-84.871445,poi
67082,39.633652,-77.807106,city
67085,41.092176,-74.155714,poi
67086,34.697034,-77.139765,poi
67087,34.439044,-77.880071,poi
67088,34.209310,-81.533160,city
67090,33.934540,-96.428600,city
67091,34.988755,-79.250795,poi
67092,35.834965,-76.765363,poi
67094,35.687535,-79.820551,poi
67095,35.519062,-77.092062,poi
67096,35.047261,-78.864955,poi
67097,35.268266,-77.572172,poi
67101,35.251192,-80.501591,poi
67103,35.849184,-77.049845,poi
67106,37.184981,-77.317734,poi
67107,33.836000,-79.047810,city
67108,33.938510,-78.733070,city
67109,36.689534,-76.609147,poi
67113,43.351660,-89.037701,poi
67114,41.162152,-87.874513,poi
67115,35.092655,-85.636055,poi
67117,40.123930,-86.013320,city
67118,39.708380,-91.358480,city
67119,37.092020,-84.604110,city
67120,30.419960,-83.301130,city
67121,42.397300,-75.173500,city
67122,35.477870,-94.221880,city
67125,41.173946,-80.572306,poi
67126,35.682428,-88.776832,poi
67127,34.366200,-86.893392,poi
67129,39.364259,-101.032165,poi
67130,41.457324,-88.192049,poi
67133,41.098967,-114.960761,poi
67137,40.931497,-117.805114,poi
67138,37.215330,-93.298240,city
67139,38.677010,-84.906890,city
67140,42.312760,-93.578820,city
67141,41.743050,-92.722410,city
67143,41.139127,-85.161482,poi
67149,44.035568,-89.533403,poi
67150,42.034710,-93.619940,city
67151,41.509994,-93.099817,poi
67155,38.970018,-89.136751,poi
67158,39.534910,-119.752690,city
67160,38.818700,-81.710690,city
67162,41.733610,-92.445460,city
67163,40.517466,-76.112182,poi
67164,39.244960,-112.104100,city
67165,40.008410,-79.078080,city
67166,39.798950,-82.701000,city
67167,44.026550,-116.962940,city
67168,38.947421,-99.560814,poi
67169,33.491820,-80.855650,city
67170,30.433791,-83.453123,poi
67174,43.066360,-92.672410,city
67175,43.371394,-92.111894,poi
67178,42.671370,-92.337400,city
67182,43.184296,-91.864583,poi
67185,44.454448,-93.167143,city
67186,43.652180,-94.461080,city
67192,44.058726,-92.527846,city
67193,43.805252,-91.754648,poi
67195,43.637460,-94.102180,city
67196,43.997558,-92.248120,poi
67200,44.753435,-90.291672,poi
67202,44.290268,-91.241098,poi
67204,45.132651,-92.534913,poi
67206,44.921588,-91.369150,city
67207,43.170178,-88.731547,city
67208,43.335306,-90.388454,poi
67209,45.178993,-89.653011,city
67211,43.853629,-88.861681,poi
67219,45.464371,-91.111804,poi
67220,42.971291,-89.512929,poi
67221,43.995282,-88.543112,city
67223,45.474089,-91.753964,poi
67226,43.872875,-91.189798,poi
67229,44.335955,-88.630922,poi
67230,43.853503,-91.225451,city
67233,44.182625,-88.065193,poi
67234,43.681588,-90.265718,poi
67235,30.811823,-97.610969,poi
67237,32.615430,-93.286840,city
67239,32.525150,-93.750180,city
67241,32.251830,-93.689900,city
67242,36.279463,-80.825474,poi
67243,34.483900,-114.322450,city
67245,33.843459,-79.087234,city
67246,34.774640,-77.388663,poi
67247,42.729763,-71.210313,poi
67248,35.722203,-78.643245,city
67255,31.243790,-90.453150,city
67262,33.593381,-86.121279,city
67264,45.222317,-67.569360,poi
67265,45.362035,-68.515447,poi
67269,41.233049,-75.496071,poi
67271,44.623329,-93.757046,poi
67272,48.372460,-114.181520,city
67273,34.296947,-81.543957,poi
67274,42.483322,-91.470206,poi
67275,44.563102,-92.541121,poi
67279,39.450208,-85.625943,poi
67281,31.723810,-82.197900,city
67282,39.913683,-77.669392,poi
67283,36.177219,-85.949279,poi
67284,41.102821,-100.723052,poi
67285,42.656674,-93.509269,poi
67292,33.933694,-86.190582,poi
67293,43.567197,-88.916248,poi
67294,44.980268,-73.454470,poi
67296,36.380425,-114.896914,poi
67297,32.515588,-98.368961,poi
67298,39.884489,-83.450450,poi
67302,43.661742,-94.732881,poi
67303,42.669534,-96.664712,poi
67304,43.399140,-95.751960,city
67305,32.373210,-94.042690,city
67306,37.809230,-85.466900,city
67307,43.051420,-83.318830,city
67308,29.954650,-90.075070,city
67311,46.783270,-92.106580,city
67312,37.216720,-89.524530,city
67313,31.187130,-94.781040,city
67316,36.728767,-102.500313,poi
67321,34.352685,-89.915558,poi
67322,34.316365,-88.791859,poi
67323,41.214730,-98.458120,city
67325,31.420129,-87.007682,poi
67327,52.287197,-113.848987,poi
67328,50.572635,-111.868177,poi
67329,34.511210,-82.985430,city
67331,33.348720,-87.014160,city
67333,41.349559,-74.687066,poi
67334,44.427318,-89.515427,city
67335,35.481740,-86.088600,city
67336,28.460270,-98.182510,city
67337,42.871167,-87.933086,city
67338,36.395590,-97.878390,city
67340,40.076591,-86.901212,poi
67341,42.103325,-91.263279,poi
67342,37.216520,-80.232540,city
67343,45.054430,-87.749270,city
67344,34.060650,-86.767500,city
67345,33.939820,-86.201640,city
67348,41.914316,-80.570619,poi
67350,44.448880,-88.060380,city
67356,42.067292,-72.678102,poi
67357,46.831428,-96.844425,poi
67358,44.839963,-92.604064,city
67359,43.190470,-112.344980,city
67360,31.370230,-81.433990,city
67361,47.203160,-122.240400,city
67362,35.107560,-103.328560,city
67364,43.192299,-88.262365,city
67365,44.073430,-87.699879,poi
67366,42.944963,-88.110224,poi
67367,43.575332,-90.888092,poi
67368,43.539150,-89.462620,city
67369,42.584740,-87.821190,city
67370,34.960490,-83.393180,city
67371,33.802610,-93.381010,city
67380,40.737150,-114.037510,city
67381,33.250212,-80.816624,poi
67382,43.839710,-103.191020,city
67383,41.448940,-82.707960,city
67389,45.687993,-72.806588,poi
67391,40.800000,-96.666960,city
67393,33.431380,-112.591956,poi
67394,31.209556,-82.382725,poi
67395,41.769740,-91.127930,city
67396,41.908080,-90.595410,city
67397,41.345590,-88.842580,city
67398,38.140143,-93.716792,poi
67400,40.748180,-84.147305,city
67401,32.631619,-96.702799,poi
67402,43.431650,-103.474360,city
67404,41.998844,-92.674410,poi
67405,41.192760,-104.359120,city
67406,40.357570,-78.429740,city
67408,42.349740,-90.006790,city
67409,42.150100,-71.762850,city
67410,28.520303,-99.856779,poi
67411,38.342421,-104.623473,poi
67414,45.861447,-95.422587,poi
67416,41.448842,-91.084842,poi
67417,33.666187,-112.065167,city
67418,41.479740,-91.581280,city
67419,34.165330,-84.802310,city
67420,35.991955,-87.487908,poi
67421,30.895196,-96.602474,poi
67422,41.705850,-91.662950,city
67423,35.327290,-96.925300,city
67424,26.122310,-80.143380,city
67425,35.309810,-91.567910,city
67426,37.850020,-99.756790,city
67427,36.920038,-89.324854,poi
67428,40.577330,-74.228200,city
67429,40.317890,-74.411820,city
67431,42.065820,-94.866930,city
67432,28.117844,-81.638476,poi
67434,39.740280,-94.241060,city
67435,39.678136,-75.762381,poi
67436,40.050650,-77.520260,city
67437,43.077860,-71.276730,city
67438,29.187200,-82.140090,city
67439,33.053460,-97.471970,city
67440,39.629530,-79.955900,city
67442,35.544613,-84.565659,poi
67443,35.232685,-85.825487,poi
67453,56.757973,-111.439740,city
67455,53.277559,-110.047213,poi
67459,55.053706,-117.282658,poi
67460,49.051108,-122.324162,poi
67463,49.140053,-121.960119,poi
67469,49.886141,-99.940097,poi
67476,43.433190,-80.444537,poi
67477,43.658783,-79.817757,poi
67478,49.786420,-92.843808,poi
67484,49.885828,-96.636397,poi
67500,56.757973,-111.439740,city
67503,55.171327,-118.857591,poi
67506,51.051989,-113.997413,city
67508,53.685823,-113.234476,poi
67540,52.976038,-122.495413,poi
67543,56.250839,-120.847124,poi
67550,43.198838,-79.765979,city
67556,44.280920,-76.569791,poi
67560,43.535598,-79.781825,poi
67566,43.623264,-79.602788,poi
67568,43.355251,-79.809044,poi
67570,43.566575,-79.822680,poi
67571,42.313735,-82.937789,poi
67603,43.334795,-80.432830,poi
67612,46.872150,-113.994000,city
67613,42.470648,-92.447248,poi
67614,44.029496,-92.647226,poi
67615,44.443013,-92.275217,poi
67616,44.240896,-88.417426,poi
67617,36.313110,-86.865280,city
67618,41.586160,-84.434950,city
67619,41.586160,-84.434950,city
67620,34.740080,-97.222250,city
67621,47.500240,-111.300810,city
67622,46.662050,-122.964020,city
67623,47.710491,-117.004589,poi
67624,39.740304,-104.434423,poi
67625,30.797140,-85.376600,city
67626,44.870064,-94.374147,poi
67627,28.874129,-82.090295,poi
67628,41.195040,-87.198640,city
67629,45.217695,-93.597848,poi
67630,44.023707,-88.161067,poi
67634,37.586130,-99.475670,city
67635,41.557000,-83.627160,city
67636,38.615570,-95.267750,city
67637,40.848160,-73.997640,city
67641,36.718980,-82.796000,city
67642,39.264520,-81.056220,city
67643,36.238637,-80.815057,poi
67644,32.123540,-81.485670,city
67645,29.600177,-82.374392,poi
67647,40.369790,-80.633960,city
67650,39.953812,-90.207707,poi
67651,36.934220,-90.746790,city
67652,39.114170,-94.627460,city
67655,30.246945,-89.761090,city
67656,44.355176,-89.119146,poi
67657,44.282817,-92.667389,poi
67658,42.798120,-76.109370,city
67664,32.451659,-97.538990,poi
67665,39.902220,-95.800820,city
67666,35.467560,-97.516430,city
67668,29.795760,-90.822870,city
67669,33.640300,-116.139450,city
67676,34.273990,-92.090980,city
67677,30.674360,-96.369960,city
67678,40.782840,-81.466510,city
67682,39.459090,-98.091650,poi
67683,40.848897,-99.985497,poi
67684,42.188361,-93.574333,poi
67685,41.964159,-91.730103,poi
67686,38.137188,-97.429885,poi
67690,31.679890,-96.482200,city
67695,37.271150,-87.176380,city
67697,34.134880,-79.939790,city
67698,46.177099,-103.406385,poi
67699,32.549040,-92.920160,city
67701,46.875985,-97.209424,poi
67702,28.320989,-82.502671,poi
67703,27.967605,-82.826537,poi
67705,40.431710,-74.514901,poi
67706,40.674576,-74.198494,poi
67707,40.632419,-74.238312,poi
67711,29.595770,-90.719530,city
67712,44.326183,-96.921413,poi
67715,35.393113,-99.405457,city
67716,44.553020,-94.220530,city
67718,31.102400,-85.696880,city
67720,34.218210,-80.248410,city
67721,42.368350,-88.822050,city
67723,31.508810,-82.849870,city
67724,37.275763,-93.111133,poi
67726,35.606878,-77.429868,city
67727,35.606878,-77.429868,city
67728,35.311528,-77.159973,poi
67729,35.978436,-77.790120,poi
67732,41.857760,-96.709312,poi
67734,41.603340,-98.926200,city
67735,35.861430,-97.931720,city
67736,31.518196,-106.132527,poi
67738,31.579060,-90.440650,city
67739,27.956680,-97.936940,city
67742,31.997350,-102.077910,city
67743,33.157600,-99.733700,city
67744,26.293662,-97.929251,poi
67745,26.215591,-98.349881,city
67746,26.215591,-98.349881,city
67747,31.135170,-99.335060,city
67748,31.845680,-102.367640,city
67749,31.997350,-102.077910,city
67750,25.978952,-97.518980,poi
67753,27.312236,-98.678767,poi
67754,36.237080,-79.979480,city
67755,32.735084,-80.240490,poi
67757,32.364310,-88.703660,city
67758,38.599240,-83.318800,city
67762,34.435112,-100.226527,poi
67763,31.696550,-89.697300,city
67764,34.947850,-97.923930,city
67766,37.384580,-79.731150,city
67768,37.922853,-86.895604,poi
67769,60.726691,-135.063168,poi
67771,36.122930,-77.176630,city
67772,31.579060,-90.440650,city
67774,40.625797,-74.243383,poi
67777,30.314650,-81.849586,city
67779,40.250260,-103.799950,city
67782,35.488710,-82.988750,city
67783,40.025650,-76.529970,city
67784,40.300040,-90.060950,city
67787,31.997350,-102.077910,city
67789,41.551040,-112.110230,city
67791,36.548430,-82.561820,city
67792,42.457780,-98.647590,city
67793,41.040681,-93.794952,poi
67794,39.830834,-89.584328,city
67795,41.378888,-88.777426,poi
67797,32.014880,-93.342120,city
67798,31.458966,-85.628937,poi
67801,39.183606,-84.423950,poi
67804,31.310170,-85.712990,city
67806,31.579060,-90.440650,city
67811,32.784995,-97.061985,poi
67813,40.351980,-88.764240,city
67815,39.612820,-86.374160,city
67818,34.656862,-92.413470,poi
67819,43.141360,-95.144440,city
67820,34.017424,-78.274154,poi
67821,38.559520,-83.576030,city
67822,34.967620,-82.443450,city
67823,35.673690,-90.507330,city
67824,31.791525,-85.977526,poi
67826,44.323580,-96.926450,city
67827,32.086940,-84.675683,poi
67829,43.169103,-89.069474,poi
67832,34.258070,-88.704640,city
67833,37.340340,-95.261080,city
67835,36.130181,-79.855297,poi
67837,30.085210,-97.840280,city
67839,26.100350,-98.263070,city
67841,35.332768,-79.046197,city
67842,43.996846,-75.941342,poi
67844,39.008450,-75.577980,city
67846,45.415250,-87.607620,city
67847,42.484150,-91.455430,city
67848,32.980676,-86.685652,poi
67849,36.108400,-91.097350,city
67850,37.937350,-79.232810,city
67854,34.765910,-84.769940,city
67855,37.990080,-84.179650,city
67859,27.211634,-98.141341,poi
67860,34.075312,-89.895753,poi
67861,41.018005,-93.308910,poi
67862,39.838380,-85.438860,city
67865,25.902320,-80.250330,city
67866,32.582483,-93.246804,poi
67868,30.717938,-95.571637,poi
67871,40.387431,-109.438694,poi
67872,34.001780,-88.755330,city
67874,40.232310,-76.884700,city
67875,35.070640,-91.879590,city
67876,36.115610,-97.058370,city
67877,35.973829,-86.493159,poi
67879,30.086050,-94.101850,city
67883,29.694650,-91.218990,city
67884,36.812011,-107.999010,poi
67886,39.326808,-108.207369,poi
67887,29.994090,-90.241740,city
67890,36.841162,-94.409283,city
67892,35.379810,-90.257870,city
67894,28.812637,-81.917414,poi
67897,31.848032,-103.087383,poi
67900,33.427360,-81.890950,city
67906,38.063640,-94.695510,city
67908,37.945290,-104.835260,city
67910,39.729560,-75.467970,city
67917,30.894040,-102.879320,city
67918,40.892880,-75.064620,city
67922,32.584146,-93.247201,poi
67923,42.098360,-89.000650,city
67924,43.640709,-95.933934,poi
67925,30.426237,-91.150398,poi
67927,44.891422,-97.053925,poi
67929,28.034474,-82.105585,poi
67930,30.181422,-85.717533,poi
67931,31.539370,-82.462360,city
67932,33.495670,-88.427260,city
67933,28.609990,-82.055080,city
67934,30.830740,-90.671760,city
67935,30.572778,-87.030740,poi
67938,41.711870,-112.165510,city
67939,41.032310,-76.307990,city
67940,40.485070,-78.724740,city
67941,35.494260,-95.305520,city
67943,39.978983,-86.394947,poi
67949,34.644232,-82.465859,poi
67952,26.894450,-82.029465,poi
67957,25.877280,-80.326028,poi
67965,31.105180,-87.072190,city
67968,33.486332,-84.907814,poi
67974,30.236590,-93.377380,city
67976,44.887545,-88.045478,poi
67977,42.228042,-96.236393,poi
67994,31.340760,-83.045980,city
67997,32.661099,-83.743011,poi
68002,40.122210,-102.725210,city
68005,41.558150,-73.051500,city
68007,36.315900,-91.482640,city
68008,35.256200,-91.200120,city
68009,34.471206,-93.064979,poi
68012,38.805184,-75.583289,poi
68016,33.466129,-111.987749,poi
68017,34.545641,-112.458773,poi
68019,25.774270,-80.193660,city
68020,30.282180,-82.122060,city
68026,41.120030,-87.861150,city
68029,34.895722,-85.131730,poi
68030,33.451331,-81.924764,poi
68031,41.730580,-88.345900,city
68033,33.484253,-82.102140,poi
68036,42.869619,-70.884381,poi
68040,41.681990,-85.976670,city
68043,39.352638,-76.453908,poi
68048,42.807347,-95.798460,poi
68052,42.312210,-95.250550,city
68053,43.466580,-112.034140,city
68055,41.707540,-86.895030,city
68062,47.158600,-100.783470,city
68065,37.581410,-101.355170,city
68067,40.940624,-98.359298,city
68068,41.987903,-98.084076,poi
68070,31.143520,-93.261000,city
68072,42.812250,-85.722810,city
68073,42.829420,-102.999910,city
68076,30.222430,-92.657080,city
68079,41.798110,-85.643320,city
68080,30.953250,-92.182630,city
68081,29.686320,-90.546750,city
68091,43.004530,-71.348400,city
68093,41.874775,-84.018097,poi
68095,42.791970,-83.627730,city
68100,42.963360,-85.668090,city
68102,40.839331,-74.083834,city
68107,45.845877,-92.972425,poi
68110,41.257540,-81.857129,poi
68112,44.901406,-93.049702,poi
68113,41.621720,-83.711600,city
68114,39.969943,-75.005804,poi
68116,44.996903,-93.286702,city
68122,48.847676,-95.769178,poi
68124,40.979150,-81.793090,poi
68129,39.768610,-94.846630,city
68133,37.113181,-94.476537,poi
68140,36.903360,-104.439150,city
68147,34.494270,-89.007840,city
68148,30.448998,-89.076014,city
68151,37.119417,-93.118871,poi
68154,41.072592,-87.866626,poi
68155,40.884246,-77.779738,poi
68156,39.952380,-75.163620,city
68157,40.211500,-74.787940,city
68158,40.500930,-75.969930,city
68161,41.679520,-77.063860,city
68165,39.474634,-118.795883,poi
68167,42.963580,-76.734102,poi
68169,39.529630,-119.813800,city
68174,42.227580,-75.918250,city
68177,41.025317,-76.316925,poi
68178,32.290158,-90.043498,poi
68179,33.898450,-88.999230,city
68180,40.958420,-75.974650,city
68185,40.413700,-76.478300,city
68188,41.824255,-75.678944,city
68189,35.527382,-84.987401,poi
68191,40.518680,-78.394740,city
68196,36.454250,-83.569350,city
68211,35.192097,-101.778458,poi
68212,34.741538,-82.039394,poi
68213,33.065670,-96.227760,city
68215,29.861610,-94.312410,city
68217,33.784128,-79.021191,poi
68225,35.912820,-100.382080,city
68227,36.819040,-76.274940,city
68234,36.947658,-81.056839,city
68235,44.952131,-72.157522,poi
68236,28.667480,-99.170590,city
68243,47.242023,-122.412019,poi
68245,26.227143,-97.719627,poi
68253,31.573566,-102.892625,poi
68256,33.466230,-94.288530,city
68257,41.113866,-88.415509,poi
68258,26.144888,-97.993219,poi
68260,32.406530,-97.211680,city
68261,29.714462,-99.762640,poi
68266,40.766700,-87.992260,city
68268,33.370320,-112.583780,city
68270,37.559780,-90.294010,city
68271,34.439878,-77.877386,poi
68273,33.073970,-106.018600,city
68274,31.305345,-96.875885,poi
68276,43.059131,-92.313556,poi
68277,36.229790,-93.107680,city
68279,43.594790,-73.265670,city
68282,31.308080,-86.482430,city
68283,45.139108,-74.495645,poi
68290,33.794840,-83.713230,city
68292,32.072390,-84.232690,city
68294,40.944028,-90.375699,poi
68298,41.565298,-87.402469,poi
68301,29.562090,-98.034669,poi
68302,33.193338,-80.602512,poi
68303,45.157608,-90.334389,city
68306,44.295921,-105.529522,poi
68307,43.654140,-96.212810,city
68308,43.076110,-88.774270,city
68311,34.296000,-78.217780,city
68314,30.664910,-97.922520,city
68315,35.224520,-96.670570,city
68316,34.913433,-85.123655,city
68318,30.452140,-91.210110,city
68319,44.743300,-92.852430,city
68321,29.061035,-99.003353,poi
68323,29.571340,-98.140290,city
68328,36.678370,-97.310040,city
68330,47.079020,-119.855880,city
68332,36.112640,-80.014480,city
68333,38.925940,-79.846730,city
68335,35.113410,-84.982730,city
68337,41.472483,-87.384788,poi
68339,29.981913,-98.902236,poi
68343,35.393113,-99.405457,city
68347,38.673260,-90.202600,poi
68348,35.151529,-81.859841,city
68349,42.794160,-96.165580,city
68350,31.965780,-94.054990,city
68354,36.934220,-90.746790,city
68359,33.791547,-87.243114,poi
68360,39.952380,-75.163620,city
68361,36.294600,-76.251050,city
68362,39.911200,-77.549990,city
68364,44.797173,-73.071974,poi
68365,34.173028,-82.373079,poi
68366,36.845320,-86.887220,city
68367,31.999583,-106.581176,city
68368,40.896960,-97.463380,city
68369,35.487030,-93.827700,city
68370,41.821860,-71.506750,city
68372,40.463118,-86.099219,poi
68375,38.480159,-78.818433,poi
68377,33.604336,-81.840933,poi
68378,42.913920,-82.603810,city
68381,43.190470,-112.344980,city
68382,33.969941,-83.887863,poi
68383,40.129500,-91.518520,city
68386,44.616958,-88.762961,poi
68389,43.748610,-87.977040,city
68394,41.242924,-111.948147,poi
68396,35.191752,-101.805309,city
68403,39.976844,-76.695103,city
68405,31.448828,-96.079684,poi
68406,36.064394,-102.520795,city
68411,36.337830,-96.803920,city
68416,32.737600,-101.950990,city
68417,32.500700,-94.740490,city
68419,29.055240,-99.010310,city
68420,39.700733,-92.039047,poi
68421,28.306182,-97.274297,poi
68423,40.179350,-118.473480,city
68424,32.606088,-98.111756,poi
68428,29.208434,-99.790670,poi
68432,36.529770,-87.359450,city
68434,34.472562,-92.991197,poi
68440,35.149530,-90.048980,city
68441,34.535787,-82.631780,poi
68444,40.115940,-74.786270,city
68446,37.581410,-101.355170,city
68447,37.883110,-87.049440,city
68451,43.449972,-92.297020,poi
68453,31.771270,-84.789370,city
68458,43.058067,-85.957645,poi
68462,29.584491,-90.703521,poi
68463,30.003540,-91.818730,city
68465,30.518270,-82.948190,city
68466,42.659735,-88.260018,poi
68468,30.547690,-88.175280,city
68469,35.088700,-92.442100,city
68471,26.934220,-80.094210,city
68476,31.023790,-87.493870,city
68480,36.192709,-94.176929,city
68482,49.166575,-122.890760,poi
68493,30.377150,-83.812940,city
68494,36.726530,-78.128890,city
68497,42.871300,-112.445530,city
68499,44.176300,-112.230820,city
68506,40.781750,-76.345780,city
68511,32.111760,-106.662500,city
68512,33.690596,-84.612854,poi
68518,32.882090,-83.332380,city
68520,39.478170,-75.131290,city
68522,40.567540,-89.640660,city
68524,34.235560,-77.946040,city
68531,42.227261,-91.869339,city
68533,38.668940,-88.485600,city
68534,36.990320,-86.443600,city
68535,43.067545,-91.136578,poi
68541,36.274486,-76.975946,poi
68542,42.886450,-78.878370,city
68549,44.837450,-108.389560,city
68552,37.328100,-87.498890,city
68556,30.056040,-90.619260,city
68559,40.265573,-94.015282,poi
68562,29.442160,-90.299250,city
68572,29.984825,-91.856713,poi
68574,40.663990,-74.210700,city
68581,46.342070,-120.187270,city
68588,42.557807,-72.285927,poi
68592,33.534520,-81.964909,poi
68593,32.603190,-98.215320,city
68594,32.914642,-79.886442,city
68595,30.452140,-91.210110,city
68596,36.595890,-91.645700,city
68598,31.917950,-94.681040,city
68602,36.105430,-77.712750,city
68606,35.323950,-80.657840,city
68613,40.063536,-76.542620,poi
68618,42.573340,-90.230960,city
68621,36.665960,-80.692290,city
68622,38.705045,-80.663538,poi
68623,41.070600,-85.014410,city
68624,30.438422,-88.528436,poi
68625,44.983860,-92.556030,city
68626,41.368090,-89.464810,city
68630,37.002992,-94.615378,poi
68634,44.670549,-63.530408,poi
68639,51.051989,-113.997413,city
68641,55.096159,-128.075588,poi
68642,36.112640,-80.014480,city
68643,35.162940,-78.736130,city
68644,48.232510,-101.296270,city
68650,39.102992,-84.528999,poi
68653,43.749795,-87.745770,city
68656,48.146970,-103.617970,city
68659,44.058726,-92.527846,city
68663,48.243696,-103.621217,poi
68665,44.224608,-103.380353,poi
68671,40.626415,-97.595136,poi
68672,41.990380,-70.975040,city
68674,30.361801,-97.405601,poi
68684,29.742150,-90.810370,city
68685,39.099730,-94.578570,city
68689,30.250576,-92.741128,poi
68690,40.766822,-82.517750,poi
68691,43.553871,-76.112818,poi
68692,42.158648,-76.864092,poi
68693,30.050480,-91.041490,city
68696,28.429816,-97.741881,poi
68697,27.558242,-99.447165,poi
68698,41.543862,-87.831882,poi
68699,25.468720,-80.477560,city
68701,41.502574,-87.887929,city
68702,35.079712,-81.704980,poi
68708,41.604872,-90.622633,poi
68716,41.222320,-73.056500,city
68722,40.294480,-109.989350,poi
68730,32.016554,-102.140924,city
68733,49.058101,-81.035157,poi
68734,43.466580,-112.034140,city
68737,44.534223,-89.575846,city
68738,40.476960,-93.003260,city
68740,41.304220,-82.975190,city
68741,46.879180,-102.789620,city
68742,32.842330,-104.403300,city
68796,39.838380,-85.438860,city
68797,41.502574,-87.887929,city
68798,31.340380,-110.934250,city
68799,32.353760,-89.654520,city
68801,30.084461,-98.418174,poi
68803,30.948290,-95.915668,poi
68806,29.898856,-90.143872,poi
68808,34.064216,-78.881934,poi
68813,42.798684,-84.739857,poi
68814,34.904847,-110.210442,poi
68815,29.184610,-98.846800,poi
68821,42.900610,-78.670310,city
68822,38.416680,-95.853040,city
68823,40.758390,-82.515450,city
68824,43.794960,-95.320280,city
68825,41.222320,-73.056500,city
68826,41.808430,-71.337000,city
68828,34.512509,-89.032662,poi
68831,44.979970,-93.263840,city
68835,34.902387,-77.554175,poi
68836,35.536160,-100.959870,city
68839,34.466760,-96.053330,city
68840,32.451292,-100.440612,poi
68841,30.762750,-81.651019,poi
68843,29.220475,-98.414948,city
68844,30.905020,-102.885536,poi
68845,36.607071,-77.560665,poi
68847,31.055740,-98.179578,poi
68848,31.458146,-97.174818,poi
68849,32.407360,-87.021100,city
68850,31.565440,-91.425950,city
68855,49.365310,-121.483496,poi
68856,35.470100,-95.523040,city
68860,28.892190,-99.095030,city
68861,43.640573,-91.502326,poi
68864,39.758950,-84.191610,city
68865,39.127110,-84.514390,city
68868,41.401950,-99.639280,city
68869,41.001120,-98.607570,city
68873,41.453970,-75.382680,city
68874,33.429454,-112.592519,poi
68875,36.128473,-80.060743,poi
68882,40.194400,-110.061820,city
68883,44.682287,-103.854386,poi
68885,28.452652,-99.238043,poi
68886,30.938240,-90.508980,city
68888,41.397260,-89.904550,city
68890,34.836401,-92.381619,poi
68891,35.870365,-84.320871,city
68892,42.787520,-86.108930,city
68893,42.933640,-85.341960,city
68894,43.120030,-85.560030,city
68895,42.870860,-85.865040,city
68897,36.417580,-84.314100,city
68899,42.269540,-71.616180,city
68900,36.302839,-76.793331,poi
68901,39.351622,-84.322834,poi
68902,37.281130,-98.580360,city
68903,44.295362,-105.489462,poi
68907,32.460255,-96.841759,poi
68908,40.032030,-82.910986,poi
68912,34.740080,-97.222250,city
68913,43.607406,-95.604447,city
68915,42.447892,-96.571368,poi
68916,32.458548,-99.856006,city
68919,42.283430,-71.349500,city
68921,32.558478,-83.884612,poi
68923,31.191540,-101.460390,city
68924,42.693545,-89.026339,poi
68925,45.684767,-92.981957,city
68926,43.170178,-88.731547,city
68927,36.959280,-81.931240,city
68928,35.010313,-106.045660,poi
68929,35.920541,-80.000604,city
68930,32.268973,-81.081896,poi
68933,40.039260,-76.430800,city
68935,43.540720,-116.563460,city
68936,34.552110,-77.926100,city
68937,41.662840,-78.811140,city
68938,35.677264,-101.396805,poi
68941,42.583430,-71.284500,city
68946,39.902758,-84.192662,poi
68947,32.221740,-110.926480,city
68949,38.245410,-78.110830,city
68950,43.850603,-92.193357,poi
68951,44.552411,-90.595735,poi
68952,44.007660,-116.916550,city
68956,43.065101,-89.432859,poi
68957,47.843080,-103.642700,city
68959,39.930450,-83.612513,poi
68960,41.223000,-111.973830,city
68964,36.754470,-98.356740,city
68969,40.760780,-111.891050,city
68971,31.864590,-102.302364,poi
68972,39.729560,-75.467970,city
68974,28.884980,-97.900840,city
68976,40.642130,-116.934270,city
68977,37.871380,-109.342890,city
68978,43.540720,-116.563460,city
68979,34.902250,-110.158180,city
68981,39.742260,-92.472690,city
68982,42.915209,-83.722920,poi
68985,40.465358,-93.979233,poi
68987,28.451569,-99.239062,poi
68988,30.541204,-98.277513,poi
68989,36.846810,-76.285220,city
68990,35.074240,-85.626080,city
68991,47.113668,-118.367353,poi
68992,39.188529,-96.056552,poi
68993,37.519460,-96.771140,city
68994,39.813712,-97.048662,poi
68995,41.078710,-73.469290,city
68996,43.466580,-112.034140,city
69002,44.534223,-89.575846,city
69004,43.859011,-73.437222,poi
69005,40.031027,-81.448870,poi
69006,39.729500,-84.139660,city
69007,36.094768,-86.654255,poi
69008,36.182799,-85.459664,poi
69009,33.102419,-97.470328,poi
69010,31.317260,-94.699202,poi
69013,36.215268,-86.290510,city
69014,43.075374,-88.027973,city
69015,35.060973,-85.136514,poi
69016,36.917955,-84.122064,poi
69017,32.515990,-93.732120,city
69021,47.392510,-103.247970,city
69027,34.737060,-82.254280,city
69028,39.734071,-84.209429,poi
69029,38.685369,-90.216684,poi
69030,33.923953,-81.291587,poi
69031,31.422910,-103.493230,city
69032,48.564590,-88.728300,city
69036,34.374040,-80.073400,city
69037,35.733319,-79.435569,poi
69038,34.512660,-79.850900,city
69041,35.580472,-77.592873,poi
69042,33.376830,-79.294500,city
69043,44.988253,-89.651967,city
69045,31.138152,-81.579826,poi
69046,43.132842,-86.220003,poi
69047,41.661784,-87.754048,poi
69048,39.734552,-86.256253,city
69049,34.800174,-92.217004,poi
69051,38.555105,-89.805728,poi
69052,34.703350,-113.611320,city
69053,33.765397,-112.514029,poi
69055,29.789690,-82.167320,city
69057,42.219190,-88.061470,city
69058,41.525190,-88.083400,city
69059,33.575843,-86.478706,poi
69061,34.702340,-82.464570,city
69064,36.276743,-77.280942,poi
69067,40.742550,-84.105230,city
69069,34.852620,-82.394010,city
69073,40.165230,-111.610750,city
69076,39.509560,-76.164120,city
69077,28.332500,-98.117510,city
69078,32.265677,-101.475392,poi
69079,48.317240,-102.390450,city
69084,32.373662,-96.864255,poi
69085,41.128050,-101.719620,city
69088,40.512075,-74.281089,poi
69091,39.904621,-86.050175,city
69095,39.529630,-119.813800,city
69096,41.226248,-80.450977,poi
69097,32.998056,-96.766658,poi
69098,30.190970,-98.086663,poi
69099,30.234930,-92.268460,city
69100,43.466580,-112.034140,city
69101,33.590940,-86.490820,city
69102,40.309272,-88.175546,poi
69103,32.305535,-102.541140,poi
69104,32.833396,-96.836872,city
69106,34.713597,-82.255503,poi
69109,40.273446,-78.459492,poi
69110,40.431121,-79.264166,poi
69112,41.293580,-89.085657,poi
69115,43.611960,-96.950843,poi
69117,41.506300,-83.747908,poi
69119,35.100006,-106.708168,poi
69122,33.402508,-90.880928,poi
69123,34.774530,-96.678340,city
69124,27.414201,-80.397689,city
69125,41.733610,-92.445460,city
69127,30.726570,-90.508980,city
69128,44.335513,-84.801110,poi
69132,31.190522,-101.449789,poi
69133,32.702610,-103.136040,city
69134,35.395630,-97.266835,city
69135,39.851649,-84.424488,poi
69137,31.550087,-97.124483,poi
69139,29.106144,-97.291485,poi
69141,37.744343,-99.980412,poi
69142,39.114579,-108.645298,poi
69143,37.738684,-88.531597,poi
69144,30.759350,-98.675040,city
69145,38.761725,-81.692324,poi
69146,41.018140,-75.994930,city
69149,35.149530,-90.048980,city
69150,39.704210,-86.399440,city
69151,39.112398,-108.647799,poi
69152,35.218267,-91.716858,poi
69153,34.117685,-86.864312,poi
69155,36.678370,-97.310040,city
69156,35.149530,-90.048980,city
69159,40.467570,-79.960610,city
69162,41.579257,-85.819616,poi
69163,43.543690,-96.727960,city
69164,31.077695,-97.759644,poi
69165,36.276140,-99.882760,city
69167,37.971690,-100.872660,city
69168,32.388190,-98.979230,city
69169,39.799200,-88.283100,city
69170,39.255476,-81.553570,poi
69171,41.559370,-90.575955,city
69172,44.795717,-91.458347,city
69173,43.140811,-90.709960,poi
69174,45.655653,-89.398953,city
69175,44.773397,-93.928409,poi
69176,47.716680,-104.156330,city
69177,41.496501,-95.453208,poi
69178,26.667290,-81.880090,city
69182,42.904486,-73.784328,poi
69183,39.617094,-83.605370,poi
69185,36.661890,-76.939125,poi
69186,41.634770,-84.999410,city
69187,33.456922,-90.630313,poi
69188,45.776040,-111.176900,city
69189,30.894670,-102.853153,poi
69190,30.721020,-86.115220,city
69193,39.644520,-80.857600,city
69194,39.600110,-75.941330,city
69200,40.148380,-89.364820,city
69201,46.354343,-94.225857,poi
69203,41.528877,-87.849545,poi
69207,30.411803,-84.280241,poi
69211,45.396427,-92.997663,poi
69213,28.461940,-98.549180,city
69214,39.522124,-107.777521,poi
69215,40.454000,-74.482000,city
69217,41.035834,-81.865105,poi
69218,42.233130,-77.197470,city
69220,27.535252,-82.588797,poi
69221,41.395524,-88.420217,poi
69222,34.434949,-100.230857,poi
69223,31.427817,-85.618967,poi
69226,27.950570,-97.582220,city
69228,32.704103,-96.275145,poi
69229,35.684189,-88.777968,city
69230,35.531250,-81.029800,city
69233,39.339133,-82.951638,poi
69234,46.760788,-92.131756,city
69235,46.706416,-92.048307,city
69236,44.501649,-88.320123,poi
69237,42.915145,-88.219774,poi
69238,43.783285,-88.480971,poi
69239,34.731200,-87.702530,city
69245,34.711333,-76.991612,poi
69250,40.703301,-104.999916,poi
69252,36.024888,-78.478829,poi
69255,33.516230,-90.179530,city
69257,28.346390,-99.614849,poi
69258,28.993841,-98.428857,poi
69259,35.179337,-84.868141,poi
69261,41.972370,-87.958186,poi
69263,33.518774,-88.377015,poi
69288,41.826133,-90.551576,poi
69289,46.760788,-92.131756,city
69290,43.748897,-88.465008,poi
69291,38.931786,-111.853161,poi
69294,43.933425,-90.821271,city
69295,51.266760,-105.984490,city
69296,46.706334,-92.454895,poi
69297,45.178993,-89.653011,city
69299,36.150453,-81.198533,poi
69300,35.140441,-76.841248,poi
69301,35.547772,-76.632749,poi
69305,38.240516,-87.999908,poi
69306,30.518270,-82.948190,city
69307,38.890698,-89.834482,poi
69308,40.199810,-76.731080,city
69309,40.982674,-91.539539,poi
69310,30.505425,-99.776824,poi
69311,38.524640,-118.624580,city
69312,40.398140,-77.023030,city
69313,47.606210,-122.332070,city
69314,41.732960,-87.799896,poi
69315,39.424278,-87.691367,poi
69318,40.580380,-74.285150,city
69319,35.386142,-77.908066,poi
69321,29.519885,-97.451114,city
69322,29.820220,-94.384080,city
69324,46.126160,-67.840300,city
69330,44.512776,-87.963122,city
69333,42.674418,-85.657700,poi
69336,36.215268,-86.290510,city
69338,41.205686,-85.706701,poi
69339,39.441002,-84.341581,poi
69341,29.504359,-98.368547,city
69342,41.583370,-87.500040,city
69344,29.224870,-97.955647,poi
69345,40.199810,-76.731080,city
69346,41.538690,-75.946590,city
69353,40.419082,-79.927536,poi
69354,39.757838,-86.487455,poi
69359,50.031151,-110.706735,poi
69362,43.689297,-86.383595,poi
69365,36.581542,-86.450723,poi
69369,40.626135,-80.229659,poi
69374,31.512641,-97.191066,city
69377,41.019861,-81.589925,poi
69379,41.594015,-93.634438,city
69380,40.710559,-96.506012,poi
69383,60.063490,-128.708930,city
69384,44.283039,-88.266065,poi
69390,40.766700,-87.992260,city
69392,39.997540,-85.746640,city
69393,38.875338,-82.296468,poi
69394,40.049629,-84.194625,poi
69395,39.904621,-86.050175,city
69396,35.977663,-85.013942,poi
69397,35.684189,-88.777968,city
69398,35.084378,-85.203261,poi
69399,35.469326,-84.653002,poi
69400,36.857280,-88.350310,city
69401,41.234831,-95.878244,poi
69402,40.497974,-82.720807,poi
69403,45.506380,-100.032070,city
69405,32.372264,-99.008182,poi
69407,44.512200,-99.992070,city
69410,44.120340,-103.052486,poi
69412,41.138110,-84.580510,city
69413,35.515610,-98.967310,city
69414,36.990320,-86.443600,city
69416,30.584370,-95.943840,city
69417,36.715710,-77.306360,city
69421,31.767378,-106.298280,city
69423,31.861230,-106.549317,poi
69425,32.281356,-107.760083,poi
69426,35.263156,-112.194165,poi
69434,30.758709,-98.228269,poi
69436,28.955282,-98.498848,poi
69437,37.974760,-87.555850,city
69438,36.868960,-94.368000,city
69439,38.370093,-97.615044,poi
69440,41.125330,-84.853300,city
69441,32.403044,-99.383702,poi
69442,28.522753,-99.877209,poi
69446,32.773470,-92.405700,city
69448,33.520428,-101.845280,city
69451,30.516044,-81.632819,city
69452,41.767580,-76.442720,city
69453,30.768257,-94.414191,poi
69454,39.298864,-85.958572,poi
69455,43.075374,-88.027973,city
69458,42.442999,-90.851303,poi
69459,38.534072,-89.732010,poi
69462,30.846393,-89.497691,poi
69465,44.291090,-105.502220,city
69467,29.145316,-98.155513,poi
69468,36.376368,-100.801776,poi
69469,34.888847,-82.157820,poi
69471,27.727598,-97.434919,poi
69474,32.403738,-85.956798,poi
69475,35.878940,-97.425320,city
69477,39.762640,-92.562397,poi
69480,47.980850,-102.490180,city
69483,35.804171,-90.635051,poi
69484,44.220065,-89.809744,poi
69485,31.529900,-94.106030,city
69486,36.490150,-77.441360,city
69487,29.601091,-98.277041,poi
69489,34.617380,-79.684780,city
69492,39.821887,-111.835403,poi
69494,30.452140,-91.210110,city
69495,35.768464,-95.403885,poi
69496,39.795600,-85.526360,city
69497,39.299200,-87.992530,city
69499,41.411990,-86.780020,city
69500,31.789970,-102.476866,poi
69501,42.710472,-114.517049,city
69504,44.160690,-92.165461,poi
69505,42.881074,-88.340779,poi
69506,42.871167,-87.933086,city
69508,43.968697,-88.953170,poi
69510,43.408629,-83.383234,poi
69512,33.641874,-101.837510,poi
69513,44.928732,-90.312733,poi
69514,31.979498,-102.033847,poi
69520,40.085718,-79.761022,poi
69521,42.022475,-93.444110,poi
69522,38.615570,-95.267750,city
69524,43.288618,-71.580419,poi
69525,28.667480,-99.170590,city
69526,32.603190,-98.215320,city
69527,42.660590,-84.073010,city
69528,41.955551,-91.720793,city
69530,29.504359,-98.368547,city
69531,43.146618,-93.348494,poi
69532,43.662940,-116.687360,city
69534,30.877510,-84.202140,city
69536,29.267460,-97.764440,city
69541,35.235913,-102.428901,poi
69542,41.663691,-87.701074,poi
69545,32.193884,-96.898423,poi
69546,46.009674,-92.925788,poi
69547,44.212573,-88.403281,city
69549,44.884358,-93.031052,city
69550,46.760788,-92.131756,city
69553,41.696409,-88.261155,poi
69554,39.817807,-85.770501,poi
69558,29.504359,-98.368547,city
69559,43.872740,-93.301320,city
69560,35.107562,-106.648985,city
69561,35.998494,-83.873247,poi
69562,42.747929,-84.547119,poi
69563,38.001004,-84.519718,city
69564,36.139254,-85.628069,poi
69565,42.741342,-86.070520,poi
69566,41.479995,-88.078891,poi
69567,46.433589,-92.755654,poi
69568,42.770360,-88.930037,poi
69570,46.817180,-95.845330,city
69572,39.664736,-77.743461,poi
69573,39.576922,-77.877734,poi
69574,44.906905,-91.856822,poi
69575,39.652870,-78.762520,city
69576,34.364473,-96.140259,poi
69580,36.148100,-98.924260,city
69581,42.893933,-76.114467,poi
69584,34.004880,-95.101369,poi
69585,38.389240,-84.537440,city
69586,46.557104,-84.318498,poi
69587,39.483090,-88.372830,city
69588,32.791554,-96.656757,poi
69589,35.878940,-97.425320,city
69590,35.405556,-97.938230,poi
69591,26.339810,-81.778700,city
69592,39.904621,-86.050175,city
69594,41.593671,-88.186300,poi
69595,35.650843,-87.011849,poi
69596,42.008862,-87.900906,poi
69597,39.901794,-79.753363,poi
69598,41.389104,-81.852275,poi
69599,40.421180,-79.788100,city
69601,36.506754,-101.774573,poi
69605,45.832180,-93.426340,city
69607,32.157380,-94.337420,city
69608,26.215591,-98.349881,city
69611,41.192240,-97.425320,city
69612,28.047011,-99.348695,poi
69614,40.008980,-77.115540,city
69615,41.312292,-96.323586,poi
69616,39.435340,-84.202990,city
69618,38.001574,-100.996406,poi
69621,29.533617,-98.300065,poi
69625,40.087870,-76.184950,city
69626,36.742394,-91.875803,poi
69627,26.369002,-98.794437,poi
69629,44.922037,-73.110093,poi
69630,32.037660,-93.700180,city
69632,34.746256,-86.682199,poi
69633,31.592340,-106.224140,city
69634,50.478390,-104.289995,poi
69636,41.344991,-88.197277,poi
69637,41.903594,-88.123025,poi
69643,27.752250,-98.069720,city
69646,33.663910,-114.229950,city
69647,41.807238,-88.349354,poi
69648,40.988670,-81.994870,city
69649,41.203344,-79.975336,poi
69651,34.834800,-97.602530,city
69652,41.362163,-86.350395,poi
69653,39.290946,-102.277056,poi
69654,36.719695,-95.628504,poi
69657,44.200871,-73.247264,poi
69658,41.556380,-95.887790,city
69659,34.955019,-80.995793,poi
69662,31.709320,-98.991160,city
69663,28.670534,-100.454580,poi
69664,31.063780,-98.181700,city
69666,29.881050,-97.793340,city
69668,36.853763,-89.584185,poi
69669,31.948140,-102.140131,poi
69670,42.363014,-73.430299,poi
69671,38.464379,-100.905111,poi
69672,31.422910,-103.493230,city
69673,33.004010,-97.225850,city
69674,36.103410,-84.131860,city
69676,34.123449,-84.224611,poi
69679,28.161400,-81.601740,city
69680,41.754049,-87.798631,poi
69681,33.593381,-86.121279,city
69682,36.417580,-84.314100,city
69683,41.951863,-87.657370,poi
69684,44.905616,-89.605816,city
69686,39.953994,-90.208973,poi
69687,40.867820,-86.878900,city
69688,40.241724,-88.632610,poi
69693,41.223000,-111.973830,city
69694,41.638540,-111.933830,city
69695,40.524670,-111.863820,city
69696,41.735490,-111.834390,city
69698,36.638690,-95.154130,city
69699,30.355991,-97.685224,poi
69701,41.451837,-96.452939,poi
69702,36.010935,-83.532551,poi
69703,27.610197,-99.478267,poi
69707,32.944532,-93.894227,poi
69708,31.651814,-94.678962,poi
69709,35.879135,-101.973307,poi
69710,41.109202,-102.952078,poi
69711,30.371282,-81.763612,city
69712,45.839860,-119.700580,city
69713,31.627110,-96.283860,city
69715,40.019424,-98.066963,poi
69719,40.499218,-78.391295,poi
69720,26.667012,-80.716330,poi
69721,39.784470,-93.073530,city
69723,42.147735,-88.510059,poi
69727,39.914450,-93.962170,city
69729,40.409200,-92.567690,city
69731,37.839210,-94.354670,city
69732,38.704460,-93.228260,city
69735,39.788648,-93.553902,poi
69740,36.756284,-81.855728,poi
69741,33.458033,-112.240034,poi
69742,36.398842,-97.820355,poi
69743,39.835903,-97.637568,poi
69744,37.044038,-100.901875,poi
69745,34.946936,-104.650658,poi
69746,41.531660,-94.009670,city
69747,41.132632,-85.198172,city
69748,41.132632,-85.198172,city
69750,29.680709,-98.142245,city
69751,36.817290,-93.920760,city
69755,32.903988,-79.984866,poi
69758,40.760780,-111.891050,city
69764,38.968850,-112.323550,city
69765,41.721440,-85.420540,city
69766,40.394594,-84.158881,poi
69770,42.027290,-78.629470,city
69772,29.504359,-98.368547,city
69780,41.698640,-88.068400,city
69782,42.960722,-76.846751,poi
69783,40.475154,-76.293567,poi
69784,45.566876,-94.134705,city
69785,34.291976,-99.757655,poi
69786,35.884613,-89.916811,poi
69787,38.636614,-94.356504,poi
69788,38.793661,-90.448328,poi
69789,29.602391,-82.086077,poi
69790,36.070136,-89.393498,poi
69791,36.330810,-102.073477,poi
69792,37.214509,-93.381311,poi
69797,45.566876,-94.134705,city
69798,39.833890,-99.891510,city
69799,35.024190,-110.697360,city
69800,42.101630,-102.872150,city
69801,39.163800,-119.767400,city
69803,41.454891,-88.199311,poi
69804,43.048485,-88.258290,poi
69809,45.303850,-93.567180,city
69811,34.648130,-97.958090,city
69813,40.054643,-77.514013,poi
69814,31.836250,-100.984830,city
69815,46.395524,-105.823568,poi
69816,33.520428,-101.845280,city
69817,32.321661,-89.344145,poi
69818,35.636479,-95.963212,poi
69819,40.554370,-85.553694,poi
69820,42.529140,-94.534140,city
69821,32.799570,-97.269180,city
69823,39.466700,-87.413910,city
69824,30.546871,-91.963802,poi
69825,45.610306,-94.176267,poi
69826,36.467672,-86.686771,poi
69827,44.901593,-91.856229,city
69830,40.549147,-75.986795,poi
69832,30.367420,-89.092820,city
69833,36.109250,-94.570220,city
69835,38.480560,-102.781860,city
69837,41.599571,-87.579569,poi
69840,41.146104,-96.161578,poi
69842,35.998700,-96.114170,city
69845,40.515250,-107.546450,city
69847,42.785820,-91.099570,city
69848,45.655653,-89.398953,city
69850,41.594015,-93.634438,city
69851,42.239728,-88.832645,poi
69852,47.024917,-91.680777,poi
69854,43.390260,-89.402900,city
69855,43.122650,-92.734324,poi
69856,33.965710,-81.073980,city
69858,29.218448,-98.410720,city
69859,30.471508,-90.750208,poi
69861,37.730610,-88.933130,city
69862,38.180745,-94.702590,poi
69863,41.111590,-114.964490,city
69865,37.482647,-76.911686,poi
69870,41.636319,-83.489954,poi
69871,30.103450,-97.285876,poi
69873,44.667338,-90.172245,city
69874,39.689762,-90.230494,poi
69875,42.011797,-97.428153,poi
69876,42.313213,-93.571403,poi
69877,39.585320,-91.400980,city
69878,41.960572,-87.957828,poi
69879,39.904621,-86.050175,city
69880,41.935310,-87.865620,city
69881,45.155000,-93.847157,poi
69882,35.261987,-87.324506,poi
69884,34.938670,-104.682490,city
69885,40.691730,-81.181210,city
69886,40.674502,-96.177687,poi
69887,32.048183,-81.164560,city
69888,42.562802,-114.457255,poi
69892,42.866630,-106.313080,city
69893,36.433650,-99.390390,city
69894,48.140909,-103.679357,poi
69895,41.464217,-88.272018,poi
69900,39.893151,-83.722853,poi
69901,44.153255,-87.567911,poi
69902,46.239580,-119.100570,city
69903,34.809353,-102.407856,poi
69904,37.643910,-98.431190,city
69905,44.430568,-88.056303,city
69906,37.647279,-95.475778,poi
69907,27.704416,-97.372371,city
69908,40.919214,-90.292938,poi
69912,33.581524,-112.134815,poi
69913,36.757000,-90.392890,city
69914,34.000710,-81.034810,city
69915,38.096420,-94.361060,city
69921,39.253020,-88.152174,poi
69922,41.508603,-112.054523,poi
69923,29.504359,-98.368547,city
69926,36.678370,-97.310040,city
69927,39.641760,-77.719990,city
69928,36.061483,-95.779006,poi
69929,37.817231,-94.706190,city
69930,32.959850,-86.746650,city
69931,34.646328,-86.566125,poi
69932,29.504359,-98.368547,city
69933,33.466467,-112.103898,city
69934,46.706416,-92.048307,city
69935,43.105840,-88.069530,city
69936,26.833120,-81.093120,city
69937,43.466580,-112.034140,city
69938,34.254210,-110.029830,city
69939,39.975510,-111.785210,city
69940,38.615825,-94.351843,poi
69941,32.729582,-97.819323,poi
69943,34.502300,-97.957810,city
69944,41.100060,-80.857310,city
69945,39.824904,-86.132705,poi
69946,43.444120,-93.221040,city
69947,35.789790,-88.974230,city
69948,30.621916,-96.352243,poi
69949,31.956530,-99.962310,city
69952,35.291160,-99.640100,city
69954,40.892306,-74.717612,poi
69955,35.498503,-80.567408,poi
69957,32.840690,-83.632400,city
69958,40.855429,-83.299931,poi
69959,35.327290,-96.925300,city
69960,47.105290,-104.712460,city
69962,31.338240,-94.729100,city
69963,36.459210,-97.178930,city
69964,35.802720,-80.906104,poi
69969,39.546880,-75.026360,city
69974,28.036680,-97.509160,city
69975,38.014220,-97.942549,poi
69976,43.624098,-89.789146,poi
69977,43.460676,-89.767192,poi
69978,33.696096,-95.555495,poi
69979,46.220186,-119.793822,poi
69980,39.983160,-76.184120,city
69981,33.584423,-99.792092,poi
69982,40.329540,-76.515240,city
69983,40.587052,-81.524718,poi
69986,32.734009,-101.961958,poi
69987,45.748988,-107.610617,poi
69988,43.677189,-87.758025,poi
69989,33.583174,-88.658313,poi
69990,39.241692,-114.869204,poi
69991,38.911241,-119.709583,poi
69992,45.566876,-94.134705,city
69993,30.178507,-96.906425,poi
69995,32.084198,-110.803411,poi
69996,31.956530,-99.962310,city
69998,42.627689,-96.292290,poi
69999,40.423410,-78.433900,city
70001,39.600620,-82.946010,city
70002,31.875800,-89.755523,poi
70003,40.299282,-79.875169,poi
70004,40.151341,-82.997889,poi
70007,28.374360,-80.802132,poi
70008,29.687730,-97.108600,city
70009,42.604138,-89.649445,poi
70010,42.741073,-93.211705,poi
70011,44.058726,-92.527846,city
70012,39.729430,-104.831920,city
70014,38.765590,-92.480740,city
70016,40.709976,-96.395749,poi
70017,39.629530,-79.955900,city
70019,42.912010,-77.745560,city
70022,40.667705,-77.607339,poi
70024,44.512776,-87.963122,city
70025,40.576540,-81.092625,poi
70026,41.367587,-89.153703,poi
70027,42.009315,-88.290118,poi
70028,35.669860,-81.221470,city
70029,30.086050,-94.101850,city
70030,41.559956,-87.354836,poi
70031,40.833191,-83.244754,poi
70032,42.495597,-92.326585,city
70033,45.055703,-92.861815,poi
70034,41.768736,-87.819988,poi
70035,40.420804,-86.901915,poi
70036,41.877543,-88.235715,poi
70037,39.522486,-87.131734,poi
70038,43.030835,-86.217033,poi
70039,28.918030,-98.546410,city
70040,29.989110,-97.877230,city
70041,37.441810,-77.043580,city
70042,42.506743,-93.263574,poi
70043,46.664239,-92.471247,poi
70044,41.600522,-87.588883,poi
70049,41.955551,-91.720793,city
70050,43.247770,-89.343730,city
70053,43.112067,-89.510678,poi
70054,42.871167,-87.933086,city
70058,44.058726,-92.527846,city
70059,46.587945,-90.881225,city
70062,43.192299,-88.262365,city
70063,33.952600,-84.549930,city
70066,43.098003,-89.359483,poi
70067,44.305549,-90.844810,city
70068,35.277087,-97.601699,poi
70069,38.653340,-94.348840,city
70074,40.345830,-94.853207,poi
70075,45.532697,-92.030860,poi
70076,37.645600,-91.535980,city
70078,44.795717,-91.458347,city
70079,34.395680,-103.153035,poi
70080,41.064760,-86.215830,city
70081,40.369790,-80.633960,city
70082,45.896340,-89.699040,city
70083,43.143085,-89.745782,poi
70084,42.349644,-87.874739,poi
70085,41.987882,-87.960512,poi
70087,40.719379,-74.124635,poi
70088,45.923298,-90.450212,poi
70090,35.876813,-87.803002,poi
70091,39.120699,-88.558291,poi
70093,35.069530,-88.622270,city
70095,33.221254,-97.738152,poi
70096,34.228430,-92.003200,city
70097,43.745926,-87.820969,poi
70098,46.587945,-90.881225,city
70099,33.639425,-97.153936,poi
70100,32.269860,-86.357190,city
70104,40.266341,-103.639163,poi
70105,28.666966,-82.147004,poi
70106,31.206840,-97.302780,city
70107,40.653302,-82.546252,poi
70108,41.625310,-87.717550,city
70111,43.247770,-89.343730,city
70117,39.917590,-77.797770,city
70118,35.935390,-86.529872,city
70122,34.591372,-87.029356,city
70124,38.096998,-102.617811,poi
70125,40.961299,-80.658281,poi
70126,40.647691,-82.543494,poi
70127,40.396121,-79.442824,poi
70128,35.614520,-88.813950,city
70130,32.729330,-82.719860,city
70131,41.880030,-88.007840,city
70135,37.685830,-92.670154,poi
70136,32.725410,-97.320850,city
70137,39.976844,-76.695103,city
70140,39.006170,-85.623580,city
70142,41.180638,-77.326088,poi
70143,45.410175,-94.060580,poi
70144,35.477870,-94.221880,city
70145,43.466580,-112.034140,city
70146,47.659660,-117.429080,city
70150,41.018610,-95.799170,city
70151,32.329310,-96.625270,city
70154,40.387480,-104.561630,city
70155,42.384409,-83.275451,poi
70156,37.677480,-113.061890,city
70157,42.462504,-92.403870,poi
70158,33.018500,-80.175650,city
70159,37.124320,-77.225810,city
70160,44.836032,-106.971547,poi
70161,49.570288,-97.189841,poi
70162,36.714326,-76.669933,poi
70163,45.380520,-94.711950,city
70164,41.092590,-75.592690,city
70168,45.566997,-94.322382,poi
70169,30.531320,-96.693030,city
70170,37.655389,-85.886545,poi
70171,43.633320,-88.729550,city
70172,37.996720,-88.920070,city
70174,42.989564,-82.930810,poi
70176,43.613500,-116.203450,city
70177,37.348880,-108.585930,city
70179,36.255350,-94.130760,city
70180,41.979479,-87.958692,poi
70181,35.332768,-79.046197,city
70182,43.657066,-94.097742,poi
70183,31.826733,-103.909098,poi
70185,31.843844,-103.104055,poi
70187,31.401177,-103.520546,poi
70188,36.638690,-95.154130,city
70189,42.764810,-71.439790,city
70190,34.651749,-106.793239,poi
70191,34.177310,-98.463670,city
70192,31.390460,-92.669310,city
70207,32.957221,-97.307389,city
70208,39.534910,-119.752690,city
70209,37.336160,-94.301340,city
70210,41.111420,-89.356480,city
70214,33.787691,-84.618024,poi
70216,39.055864,-104.853239,poi
70217,42.722729,-114.542018,poi
70218,37.416088,-87.474395,poi
70219,31.328237,-94.689929,city
70220,35.812737,-80.834378,poi
70221,41.891088,-91.667547,poi
70222,40.616700,-87.320850,city
70223,43.018382,-83.634214,city
70224,39.110260,-108.350920,city
70225,40.011500,-75.014890,city
70227,30.189680,-82.639290,city
70229,35.971213,-114.911406,poi
70232,39.357880,-78.040000,city
70233,46.845000,-101.411250,city
70236,35.620149,-105.208095,poi
70238,30.580971,-100.645877,poi
70239,38.940177,-104.700191,poi
70240,37.104150,-113.584120,city
70241,38.954070,-119.765730,city
70242,31.549330,-97.146670,city
70243,36.990320,-86.443600,city
70245,33.964909,-98.672460,poi
70246,25.780751,-80.214573,poi
70247,32.783060,-96.806670,city
70249,36.753380,-86.190540,city
70251,31.358699,-89.349539,poi
70254,38.933125,-97.258174,poi
70255,44.251950,-85.401160,city
70256,27.896410,-81.843140,city
70257,26.182467,-98.067994,poi
70258,43.992530,-95.752724,poi
70262,34.090380,-96.771670,city
70263,32.455632,-81.783989,poi
70265,40.774450,-97.050590,city
70266,31.876413,-102.422230,city
70267,44.636510,-123.105930,city
70268,41.337114,-92.204848,poi
70269,42.524267,-96.496583,poi
70270,37.940580,-101.254890,city
70271,42.351352,-97.782701,poi
70273,38.157662,-85.833445,city
70274,43.106232,-93.601310,poi
70276,37.227930,-77.401930,city
70277,45.296358,-92.365873,poi
70278,44.291069,-88.312304,poi
70279,44.544303,-93.585793,city
70280,40.304704,-104.983666,poi
70281,41.965573,-83.345074,poi
70282,43.076110,-89.199560,city
70283,42.353360,-88.093410,city
70285,45.183390,-69.226990,city
70286,44.921170,-69.261710,city
70287,40.277201,-86.129894,poi
70290,50.054843,-110.735022,poi
70291,41.329830,-105.610718,poi
70292,36.783082,-114.139935,poi
70293,45.407193,-91.734238,city
70295,41.634388,-85.044752,poi
70296,40.521890,-111.939100,city
70297,42.485359,-94.203027,city
70298,32.704291,-80.874361,poi
70299,30.332180,-81.655650,city
70300,33.414465,-111.996048,poi
70301,40.832420,-115.763120,city
70302,46.760788,-92.131756,city
70303,42.495597,-92.326585,city
70304,44.332240,-69.760576,poi
70305,35.496860,-97.903221,poi
70306,41.699568,-93.027569,poi
70307,45.684767,-92.981957,city
70308,44.666147,-88.229280,poi
70309,32.120937,-103.188399,poi
70310,42.455650,-71.673120,city
70311,42.624250,-73.117600,city
70313,33.448380,-112.074040,city
70314,40.841563,-96.786651,poi
70318,33.117135,-95.637299,poi
70319,41.045562,-81.690441,poi
70320,35.033621,-85.583041,poi
70321,32.977829,-115.503464,poi
70322,45.459490,-69.590610,city
70323,40.130646,-87.777060,poi
70324,41.665188,-85.890216,poi
70325,42.485359,-94.203027,city
70326,31.587363,-102.917297,city
70328,41.926881,-87.884943,poi
70329,44.368320,-100.350970,city
70331,37.793460,-79.993950,city
70332,43.783410,-79.932950,city
70333,41.662787,-93.463862,city
70334,42.609305,-89.377393,poi
70335,55.066730,-117.285850,city
70336,42.455436,-89.000897,poi
70337,30.566850,-100.643430,city
70338,40.265471,-84.185995,poi
70339,49.383240,-115.302040,city
70340,41.525190,-88.083400,city
70341,36.327579,-79.640430,poi
70342,41.900590,-87.856730,city
70343,48.187086,-122.195813,poi
70344,45.555807,-93.584944,poi
70345,42.781801,-86.023350,poi
70346,42.469420,-93.816050,city
70349,35.974530,-83.626840,city
70350,25.944215,-97.544359,poi
70351,42.013540,-111.807170,city
70352,45.572046,-93.193954,city
70353,35.052570,-97.936430,city
70357,39.912206,-82.985658,city
70358,45.219130,-96.635620,city
70359,36.897223,-113.910172,poi
70360,43.662940,-116.687360,city
70361,42.920760,-111.002160,city
70366,45.745250,-87.064580,city
70371,33.157600,-99.733700,city
70373,44.402011,-88.743076,poi
70374,39.893082,-89.002399,poi
70375,33.227241,-97.591669,poi
70376,32.833396,-96.836872,city
70377,36.213980,-83.294890,city
70379,34.207640,-84.799741,poi
70380,35.227090,-80.843130,city
70383,30.655782,-87.759678,poi
70385,34.174260,-97.143630,city
70388,31.587363,-102.917297,city
70389,31.967992,-102.252339,city
70390,31.853526,-103.067659,poi
70391,37.897830,-88.931460,city
70403,47.717960,-116.951590,city
70404,38.833880,-104.821360,city
70405,32.437340,-103.159080,city
70406,41.923920,-89.068710,city
70407,40.804260,-73.169000,city
70408,40.817600,-73.000110,city
70409,42.767311,-86.117171,poi
70410,33.851327,-84.044768,poi
70411,34.111590,-82.868630,city
70413,40.710493,-94.222878,poi
70415,39.522459,-75.063174,poi
70416,36.336140,-102.072120,city
70417,42.661349,-92.336503,poi
70419,27.506410,-99.507540,city
70420,34.591372,-87.029356,city
70421,36.410802,-90.591975,poi
70422,33.464787,-112.238888,poi
70423,42.147381,-88.515312,poi
70424,43.347740,-83.860825,poi
70425,41.037765,-80.127937,poi
70426,30.749320,-84.485680,city
70427,32.083540,-81.099830,city
70428,31.607850,-81.886340,city
70429,31.137149,-83.440336,poi
70430,33.409066,-82.026453,poi
70431,42.489150,-95.545000,city
70432,41.536949,-87.791129,city
70433,41.564851,-88.273394,city
70434,38.317270,-88.903120,city
70436,39.842435,-96.635073,poi
70437,38.156757,-85.715458,city
70438,30.273530,-91.899280,city
70439,32.555141,-92.936566,poi
70440,42.498417,-83.047229,poi
70441,38.754506,-93.735730,poi
70442,39.163800,-119.767400,city
70443,32.461810,-90.115360,city
70445,46.129004,-98.091444,poi
70446,32.286230,-104.095770,city
70447,41.410930,-74.407100,city
70448,43.233306,-76.132758,poi
70450,43.377290,-73.613170,city
70452,33.039156,-115.629027,poi
70453,33.937040,-97.116680,city
70454,41.718442,-76.472846,poi
70455,40.569800,-77.396930,city
70456,39.835998,-77.904589,poi
70457,39.976844,-76.695103,city
70458,34.627209,-82.391759,poi
70459,43.601422,-96.712400,poi
70460,31.463770,-100.437040,city
70461,29.680709,-98.142245,city
70463,30.135819,-96.258757,poi
70464,39.063870,-108.550650,city
70466,30.934581,-95.375598,poi
70467,41.217838,-96.043514,poi
70468,31.052537,-97.545907,poi
70469,33.188730,-95.221330,city
70472,32.725410,-97.320850,city
70474,32.811885,-96.849616,poi
70476,45.876900,-93.293840,city
70478,38.930020,-111.854176,poi
70479,37.546810,-78.849460,city
70480,47.208965,-118.226860,poi
70481,43.715810,-89.466230,city
70482,43.411360,-106.280020,city
70483,40.681490,-73.399840,city
70484,32.944010,-103.348550,city
70485,32.702610,-103.136040,city
70488,33.188710,-102.827990,city
70491,39.743620,-93.998270,city
70492,44.988253,-89.651967,city
70493,34.815146,-91.569053,poi
70494,39.870316,-104.885062,poi
70495,33.331031,-91.293066,poi
70496,44.345428,-87.842948,poi
70498,44.959187,-90.936808,poi
70500,33.577860,-101.855170,city
70501,31.997350,-102.077910,city
70502,31.845680,-102.367640,city
70503,31.191540,-101.460390,city
70505,33.520428,-101.845280,city
70507,31.827370,-99.426450,city
70508,41.949918,-87.881876,poi
70509,31.742100,-98.945610,city
70510,32.110970,-98.535880,city
70516,32.388170,-100.864560,city
70527,38.488013,-85.770467,poi
70530,25.954604,-97.418572,poi
70538,38.151948,-85.071672,poi
70539,39.418925,-87.694162,poi
70540,27.873322,-81.592991,poi
70541,43.422180,-95.102220,city
70543,35.435320,-101.172940,city
70544,32.963710,-101.832650,city
70545,32.964550,-102.829100,city
70546,34.937830,-100.888200,city
70547,33.210120,-97.754760,city
70548,34.226470,-102.723830,city
70549,32.964550,-102.829100,city
70550,30.184631,-96.954959,poi
70551,43.038900,-87.906470,city
70552,46.760788,-92.131756,city
70553,43.636440,-95.594858,city
70554,31.705522,-103.598624,poi
70555,36.085291,-87.098763,poi
70556,38.404800,-82.600440,city
70557,36.537870,-95.221360,city
70558,42.652604,-88.543706,poi
70559,45.755800,-93.654410,city
70560,32.697550,-113.953540,city
70561,31.876413,-102.422230,city
70562,36.627719,-86.566498,poi
70564,41.463803,-82.057835,poi
70565,43.401376,-94.820048,poi
70567,40.889647,-74.663625,poi
70571,41.556440,-84.768850,city
70572,42.863974,-82.560300,poi
70573,43.294076,-89.758231,poi
70574,39.962069,-89.561966,poi
70575,40.472476,-80.060862,poi
70576,44.901593,-91.856229,city
70577,41.573040,-88.121064,poi
70578,44.083937,-103.237750,poi
70579,30.824910,-97.604450,city
70580,46.947032,-114.133877,poi
70581,32.865875,-87.923181,poi
70582,41.555720,-90.518878,city
70583,36.974641,-91.940159,poi
70584,31.967992,-102.252339,city
70585,32.307050,-102.542004,poi
70586,40.972960,-117.735680,city
70587,39.155240,-111.818260,city
70588,40.171316,-79.733881,poi
70590,30.016427,-81.394446,poi
70591,40.798754,-81.410381,city
70592,34.672930,-80.718960,city
70593,34.444438,-84.915319,poi
70595,40.122632,-87.777989,poi
70596,34.151290,-83.640582,poi
70597,38.001004,-84.519718,city
70598,35.020930,-89.919941,poi
70599,33.407080,-82.662080,city
70600,43.149280,-93.260013,poi
70601,38.917220,-97.213910,city
70603,33.477307,-94.410850,poi
70604,43.270728,-93.634494,poi
70605,41.834144,-87.744133,poi
70606,37.044080,-86.208980,poi
70607,41.457281,-88.193239,poi
70608,45.218851,-93.310477,poi
70609,33.294570,-83.966020,city
70611,41.441440,-85.264980,city
70612,47.067900,-120.671180,city
70615,41.623059,-87.675836,poi
70617,39.268259,-94.452454,poi
70618,39.809230,-82.972400,city
70619,44.769857,-94.127518,poi
70620,34.388027,-92.846152,poi
70621,32.540440,-82.903750,city
70622,40.263575,-75.740406,poi
70623,41.709998,-88.069170,poi
70624,41.555720,-90.518878,city
70625,45.305847,-69.035436,poi
70626,39.548590,-107.656170,city
70628,47.005630,-120.587244,poi
70629,45.511067,-92.969211,city
70630,41.152878,-81.390128,poi
70632,41.469034,-87.578243,poi
70634,38.482520,-100.907090,city
70635,41.053110,-82.726290,city
70637,26.180808,-98.041656,poi
70638,39.082324,-95.727023,poi
70640,35.840291,-98.394578,poi
70641,38.021457,-79.144046,poi
70642,32.352650,-90.877880,city
70643,32.536387,-85.081879,poi
70644,45.041910,-93.789130,city
70645,29.217207,-98.414337,city
70646,44.512776,-87.963122,city
70647,31.527859,-103.119432,poi
70648,43.213679,-70.994324,poi
70649,45.511067,-92.969211,city
70650,41.110780,-112.026050,city
70651,30.710603,-97.647333,poi
70652,38.317270,-88.903120,city
70653,40.095310,-87.647520,city
70654,32.267860,-109.227560,city
70655,39.063870,-108.550650,city
70656,42.076776,-83.668670,poi
70657,38.789280,-77.187200,city
70658,39.936170,-84.025490,city
70660,41.048699,-94.362072,poi
70661,44.145319,-92.532631,poi
70662,42.110958,-80.118676,poi
70663,41.153760,-87.887540,city
70665,30.085210,-97.840280,city
70666,41.830925,-87.695922,poi
70667,45.591790,-120.698110,city
70668,41.451380,-97.085344,poi
70669,45.591790,-120.698110,city
70670,40.848560,-111.906880,city
70673,33.422270,-111.822640,city
70674,42.549506,-71.571056,poi
70676,33.448380,-112.074040,city
70677,33.538650,-112.185990,city
70679,33.448380,-112.074040,city
70680,33.448380,-112.074040,city
70681,33.422270,-111.822640,city
70682,38.624500,-90.150940,city
70686,44.974690,-92.756870,city
70687,40.913390,-77.778330,city
70691,29.217207,-98.414337,city
70692,43.610620,-72.972610,city
70693,34.795242,-84.997036,poi
70695,33.641740,-105.877210,city
70696,31.946025,-102.142449,city
70698,35.365330,-103.410790,city
70699,36.302000,-88.326710,city
70700,32.543740,-86.211910,city
70704,37.051192,-94.479216,poi
70705,39.423176,-89.450920,poi
70706,37.084230,-94.513280,city
70707,32.877910,-85.183270,city
70708,42.753370,-84.746380,city
70709,39.508100,-91.528770,city
70710,34.952460,-88.909842,poi
70711,27.644274,-99.555639,poi
70714,36.914720,-111.455830,city
70717,39.912206,-82.985658,city
70718,34.913078,-91.194001,poi
70719,38.853380,-91.305990,city
70720,45.593041,-94.171548,poi
70722,43.048804,-76.071709,poi
70723,42.109930,-77.155367,poi
70724,33.591942,-80.354333,poi
70725,37.344210,-86.754710,city
70726,39.812797,-97.630485,poi
70727,43.993592,-96.307085,poi
70728,43.350572,-97.420859,poi
70729,44.353590,-100.373740,city
70730,42.876717,-97.383209,poi
70731,41.935559,-89.017560,poi
70732,40.760780,-111.891050,city
70733,40.032765,-92.488954,poi
70735,39.039770,-90.140660,city
70736,41.731461,-93.638435,city
70737,41.677770,-93.245200,city
70738,37.055219,-94.423325,poi
70739,39.773440,-93.072535,poi
70740,39.046164,-88.748895,poi
70741,40.591990,-84.957190,city
70742,42.890262,-92.812623,poi
70743,46.091080,-94.503620,city
70744,41.340590,-89.010080,city
70745,43.932384,-94.938541,poi
70746,40.867230,-98.004220,city
70747,35.224520,-96.670570,city
70748,42.168610,-92.023510,city
70749,37.581410,-101.355170,city
70750,36.810766,-97.336457,poi
70751,43.382181,-87.946421,poi
70752,35.249977,-93.136345,poi
70753,35.988400,-96.601130,city
70754,37.519195,-97.004573,poi
70755,37.175300,-101.349600,city
70756,39.108057,-95.094116,poi
70757,34.898323,-95.762401,poi
70759,44.111482,-93.708214,poi
70760,40.886164,-97.102496,poi
70761,42.586514,-90.605210,poi
70763,42.468500,-91.482006,poi
70764,41.221948,-89.068787,poi
70765,31.113854,-97.400537,city
70767,42.154750,-89.739840,city
70768,40.494480,-89.651770,city
70769,36.701718,-95.629082,poi
70770,41.486422,-91.704393,poi
70771,44.296641,-94.709806,poi
70772,38.925050,-89.268960,city
70773,39.840954,-96.071443,poi
70774,42.467027,-95.148812,poi
70775,38.782009,-95.551327,poi
70776,39.779180,-98.785070,city
70778,39.987281,-84.199444,poi
70779,41.495802,-95.546686,poi
70780,45.558990,-94.139002,poi
70782,40.750586,-98.845145,poi
70783,32.189209,-81.193220,poi
70784,34.935060,-78.921062,city
70785,33.981509,-80.964678,poi
70786,27.742960,-97.440908,city
70787,32.123540,-81.485670,city
70788,41.423887,-81.503940,poi
70789,44.185820,-88.462610,city
70790,38.897163,-91.453774,poi
70791,35.870620,-88.145870,city
70792,40.285276,-100.152105,poi
70793,38.995250,-110.161800,city
70794,40.942778,-83.396763,poi
70796,32.679489,-97.239703,poi
70797,32.953730,-96.890280,city
70798,42.682790,-89.018720,city
70831,39.528784,-119.756868,city
70832,39.528784,-119.756868,city
70833,39.529630,-119.813800,city
70845,39.528784,-119.756868,city
70855,39.174886,-119.767179,city
70858,32.195902,-86.420125,poi
70859,39.174886,-119.767179,city
70860,40.854232,-115.747061,poi
70864,39.529630,-119.813800,city
70870,41.855375,-103.674616,poi
70871,41.279540,-72.598430,city
70873,30.189680,-82.639290,city
70874,30.380743,-96.079973,poi
70875,29.986362,-94.966069,poi
70876,43.112951,-72.428825,poi
70877,42.488930,-87.953652,poi
70878,42.191590,-112.250800,city
70879,35.084490,-106.651140,city
70880,40.447040,-75.966320,city
70881,40.423410,-78.433900,city
70882,40.398140,-77.023030,city
70883,40.340930,-76.411350,city
70884,39.486210,-77.351930,city
70885,44.256406,-88.294136,poi
70887,33.561782,-83.495608,poi
70888,34.638130,-99.333980,city
70889,41.913760,-80.567351,poi
70890,33.801186,-98.195726,poi
70891,36.819040,-76.274940,city
70892,38.290040,-77.546437,city
70893,38.290040,-77.546437,city
70894,38.624560,-76.939140,city
70895,38.113190,-77.408870,city
70896,38.918170,-78.194440,city
70897,38.613170,-78.798910,city
70898,38.402517,-78.910337,poi
70899,38.068470,-78.889470,city
70900,37.270970,-79.941430,city
70901,37.293470,-80.054760,city
70902,37.378651,-79.153880,poi
70903,37.270970,-79.941430,city
70904,38.704280,-77.227760,city
70905,38.799218,-77.176521,city
70906,39.041338,-76.904665,poi
70907,39.212610,-76.713580,city
70908,38.815950,-76.749690,city
70909,38.939280,-76.933860,city
70910,39.292159,-76.629405,city
70912,39.226770,-76.588020,city
70913,39.084000,-77.152760,city
70914,38.885110,-76.915810,city
70915,39.292159,-76.629405,city
70917,38.360670,-75.599370,city
70918,39.226770,-76.588020,city
70919,39.659480,-75.563590,city
70920,39.159527,-76.669594,poi
70921,38.783363,-76.889816,poi
70922,38.955940,-76.945530,city
70923,39.143440,-77.201370,city
70924,40.155110,-74.828770,city
70925,39.906500,-75.271570,city
70926,40.625453,-75.446905,poi
70927,38.799218,-77.176521,city
70928,39.149270,-76.775250,city
70929,39.442782,-77.981437,poi
70930,39.172284,-78.167456,city
70931,39.641760,-77.719990,city
70933,39.172284,-78.167456,city
70934,39.414270,-77.410540,city
70935,39.414270,-77.410540,city
70937,38.630435,-77.800301,city
70938,39.006220,-77.428600,city
70939,38.786147,-77.558193,city
70940,38.786147,-77.558193,city
70941,37.523480,-77.315810,city
70942,38.894280,-77.431100,city
70943,38.473180,-77.996660,city
70944,38.473180,-77.996660,city
70945,38.571790,-77.763880,city
70946,38.233190,-78.369170,city
70947,38.290040,-77.546437,city
70948,36.072640,-79.791980,city
70949,35.732650,-78.850290,city
70950,36.119860,-80.073650,city
70951,39.115660,-77.563600,city
70952,35.723841,-78.643158,city
70953,38.290040,-77.546437,city
70954,35.713315,-78.626312,poi
70955,38.290040,-77.546437,city
70956,34.235560,-77.946040,city
70957,38.290040,-77.546437,city
70958,38.290040,-77.546437,city
70959,34.235560,-77.946040,city
70960,38.149910,-79.073200,city
70961,34.235560,-77.946040,city
70962,37.958740,-76.758010,city
70963,35.552141,-78.299011,poi
70964,38.268180,-77.184420,city
70965,35.723841,-78.643158,city
70966,37.377090,-77.505820,city
70967,35.052660,-78.878360,city
70968,37.768327,-77.466488,city
70969,36.072640,-79.791980,city
70970,37.339870,-79.247800,city
70971,37.697173,-77.660976,poi
70973,35.955690,-80.005320,city
70974,37.574438,-77.466612,city
70975,37.574438,-77.466612,city
70976,36.119860,-80.073650,city
70977,35.723841,-78.643158,city
70978,35.723841,-78.643158,city
70979,35.723841,-78.643158,city
70980,37.775700,-77.896660,city
70982,37.533760,-77.121080,city
70983,36.592640,-78.616110,city
70984,35.938210,-77.790530,city
70985,36.099860,-80.244220,city
70986,36.024870,-78.474440,city
70987,37.574438,-77.466612,city
70988,37.029870,-76.345220,city
70989,36.852930,-75.977990,city
70990,37.029870,-76.345220,city
70991,36.980380,-76.429750,city
70992,37.523480,-77.315810,city
70993,37.768327,-77.466488,city
70994,37.574438,-77.466612,city
70995,37.356820,-77.441650,city
70996,37.966740,-78.214599,poi
70997,37.505980,-77.649160,city
70998,36.835430,-76.298270,city
71001,37.574438,-77.466612,city
71002,38.038613,-78.456368,poi
71003,37.574438,-77.466612,city
71004,37.860140,-77.464150,city
71005,37.574438,-77.466612,city
71006,37.574438,-77.466612,city
71007,33.814270,-86.809440,city
71009,35.967040,-83.187660,city
71010,38.254240,-85.759410,city
71011,41.415081,-73.409433,poi
71012,41.078710,-73.469290,city
71013,41.958440,-70.667260,city
71014,39.212610,-76.713580,city
71018,42.158755,-92.038482,poi
71019,44.454448,-93.167143,city
71020,30.531320,-96.693030,city
71021,41.295310,-89.059530,city
71022,29.680510,-97.647500,city
71023,31.857630,-103.092670,city
71024,40.898237,-90.659892,poi
71025,43.949116,-88.084684,poi
71027,42.187210,-93.595770,city
71029,41.858959,-88.036232,poi
71030,32.423644,-111.165333,poi
71032,39.473530,-118.777370,city
71033,39.163800,-119.767400,city
71034,37.677480,-113.061890,city
71036,38.478320,-107.876170,city
71037,41.130170,-77.435839,poi
71039,41.188390,-80.978150,city
71042,39.190458,-119.756982,poi
71046,39.192916,-84.572681,city
71047,34.397810,-112.236270,city
71050,41.943940,-85.632490,city
71051,39.936606,-76.693749,poi
71053,37.619718,-88.985929,poi
71055,36.200050,-86.518610,city
71056,34.619159,-87.052698,poi
71057,44.612846,-121.137958,poi
71058,44.544303,-93.585793,city
71059,30.629644,-81.560537,poi
71060,36.485419,-80.745154,poi
71061,33.401556,-81.425509,poi
71062,38.957740,-111.859930,city
71063,35.084490,-106.651140,city
71064,39.793900,-88.265992,poi
71065,40.299400,-109.988760,city
71066,32.806140,-83.569673,poi
71067,34.556088,-82.007064,poi
71071,45.126316,-92.669198,poi
71072,31.976915,-83.758422,poi
71073,37.746077,-88.949264,poi
71074,42.058724,-88.267189,poi
71075,30.824910,-97.604450,city
71076,42.037654,-91.549460,poi
71077,46.886350,-96.094500,city
71079,31.794250,-106.461012,poi
71080,42.573163,-79.085140,poi
71083,33.470970,-81.974840,city
71084,36.031470,-95.949567,poi
71085,40.098529,-84.616845,poi
71086,41.863329,-88.195351,poi
71087,47.098711,-119.316551,poi
71088,42.238340,-91.187090,city
71090,35.337801,-101.382833,poi
71091,39.394540,-92.410540,city
71094,41.153837,-92.627127,poi
71095,31.141290,-85.096600,city
71096,41.506150,-87.635600,city
71097,41.640788,-88.081008,poi
71098,41.774520,-76.399380,city
71099,41.427516,-87.764860,poi
71101,41.403920,-88.111720,city
71102,32.725410,-97.320850,city
71103,41.121965,-100.762024,poi
71104,33.023066,-80.165577,city
71105,36.798488,-98.637534,poi
71106,37.692240,-97.337540,city
71107,42.395260,-94.633870,city
71108,29.773000,-94.682700,city
71109,45.706440,-90.417751,poi
71110,43.170178,-88.731547,city
71111,34.436990,-85.750954,poi
71112,41.308150,-72.928160,city
71113,44.633450,-121.129490,city
71114,38.132725,-77.509342,poi
71115,38.694145,-87.496644,poi
71116,32.757360,-94.345190,city
71117,33.470970,-81.974840,city
71118,42.457596,-88.998708,poi
71119,32.115480,-81.247060,city
71120,33.089870,-82.015670,city
71121,32.268700,-107.758640,city
71123,32.755900,-111.554840,city
71124,30.516044,-81.632819,city
71126,34.176189,-80.968984,poi
71127,29.600868,-97.964158,poi
71129,35.281287,-80.794307,poi
71131,35.024603,-82.032487,city
71132,31.917950,-94.681040,city
71133,28.667480,-99.170590,city
71134,34.601730,-105.208330,city
71136,35.397794,-77.964876,city
71138,48.815276,-122.555625,poi
71139,41.699686,-88.447406,poi
71140,43.014416,-88.688993,poi
71141,40.645466,-88.803838,poi
71142,42.215916,-89.107094,poi
71143,41.909150,-95.064990,city
71144,45.298455,-96.431197,poi
71145,39.521440,-85.776920,city
71146,40.813656,-96.427457,poi
71147,35.984734,-97.034562,poi
71148,42.893300,-93.215200,city
71149,43.596894,-84.906952,poi
71150,42.926850,-114.949510,city
71151,38.712029,-88.092237,poi
71152,41.392270,-84.125220,city
71153,45.313699,-92.703707,poi
71154,44.427238,-93.198581,poi
71155,43.112681,-88.246872,city
71158,27.997157,-82.017860,city
71160,42.839855,-85.531654,poi
71161,35.594858,-78.139435,poi
71162,41.254516,-82.595909,poi
71163,42.095019,-76.789749,poi
71164,41.843680,-77.274420,city
71165,33.817100,-81.100930,city
71166,38.478320,-107.876170,city
71167,41.433930,-88.190610,poi
71168,40.950516,-117.757557,poi
71169,40.887171,-85.523818,poi
71170,46.909621,-98.006358,poi
71171,31.098230,-97.342780,city
71172,30.166880,-96.397740,city
71173,32.111122,-81.235528,poi
71176,34.294605,-83.828641,poi
71177,34.510660,-89.939810,city
71179,34.292175,-81.547061,poi
71181,35.024603,-82.032487,city
71185,40.582325,-75.708481,poi
71186,34.521457,-82.495179,city
71187,42.699014,-87.916240,city
71188,32.715942,-83.724437,city
71189,34.090217,-81.173526,poi
71190,41.528580,-109.466250,city
71191,40.760780,-111.891050,city
71193,36.727668,-95.933530,poi
71194,35.526160,-98.707570,city
71195,35.631160,-98.317290,city
71196,35.744220,-98.747580,city
71197,36.135040,-99.774840,city
71198,43.954009,-92.063585,poi
71199,34.093191,-88.005773,poi
71200,41.256260,-95.940430,city
71201,41.763710,-72.685090,city
71202,33.455903,-80.735276,poi
71206,38.985750,-119.162930,city
71207,41.536949,-87.791129,city
71208,37.602425,-77.448971,poi
71209,28.336110,-82.274530,city
71210,32.648642,-97.334195,poi
71211,34.866200,-92.110150,city
71212,36.192709,-94.176929,city
71213,36.332020,-94.118540,city
71214,39.971650,-104.749083,poi
71215,40.437523,-104.904088,poi
71216,41.895270,-93.600770,city
71217,41.674016,-93.480809,poi
71218,37.385782,-93.157175,poi
71219,37.807390,-92.222250,poi
71221,39.152840,-94.475655,poi
71223,32.828190,-88.476430,city
71227,29.277731,-98.667620,city
71228,40.748350,-98.844800,city
71229,42.092623,-88.038551,poi
71230,42.196970,-88.093410,city
71232,43.854700,-104.204940,city
71233,27.953112,-99.379373,poi
71234,29.946118,-89.987767,poi
71239,40.131110,-95.231640,city
71240,35.419378,-86.014864,poi
71241,35.880910,-84.508540,city
71244,41.223000,-111.973830,city
71245,42.871300,-112.445530,city
71246,35.191752,-101.805309,city
71247,31.786700,-89.034530,city
71248,28.245288,-81.656109,poi
71249,33.602544,-85.832014,poi
71250,35.198070,-111.651270,city
71251,39.987320,-76.020510,city
71252,34.495415,-81.846943,poi
71253,29.132505,-98.897993,poi
71255,38.994740,-93.032700,city
71256,37.146440,-92.768780,city
71257,46.265240,-96.605910,city
71259,34.639810,-86.929170,city
71260,41.107522,-81.049214,poi
71261,42.497260,-82.937140,city
71262,39.944339,-82.678254,poi
71263,37.616777,-104.756181,poi
71264,35.084490,-106.651140,city
71265,38.224840,-80.533140,city
71266,36.189540,-82.958490,city
71267,42.374391,-85.659176,poi
71268,40.609670,-111.939100,city
71269,42.724070,-114.518650,city
71270,32.489423,-99.746133,poi
71271,34.530030,-112.241270,city
71275,31.717100,-99.132550,city
71276,27.997157,-82.017860,city
71277,29.147911,-82.188037,city
71278,42.941140,-88.862481,poi
71281,34.872230,-114.149400,city
71282,30.104127,-97.306663,poi
71283,32.270300,-81.079111,poi
71284,31.315730,-89.977860,city
71285,47.606210,-122.332070,city
71286,26.636964,-81.810551,poi
71287,29.946870,-90.323130,city
71288,39.892690,-82.883401,poi
71289,26.604745,-81.866332,city
71290,31.580747,-84.107474,poi
71291,38.625205,-88.967988,poi
71295,39.270761,-80.325541,poi
71298,32.075678,-96.447858,poi
71299,31.510135,-97.145067,poi
71300,42.065661,-84.242205,poi
71301,40.259480,-89.233420,city
71302,41.955551,-91.720793,city
71303,44.031912,-88.585770,poi
71305,29.139960,-98.905310,city
71307,37.002190,-88.320364,poi
71308,36.186637,-86.266422,poi
71309,39.713680,-82.599330,city
71310,29.008590,-82.034810,city
71311,32.629971,-85.438069,city
71313,33.998584,-96.428946,poi
71314,32.493250,-91.992100,poi
71315,43.426256,-88.198870,poi
71316,44.667338,-90.172245,city
71318,41.998756,-87.960816,poi
71319,28.667959,-80.872964,poi
71320,38.764140,-94.962782,poi
71321,43.112740,-94.683040,city
71322,45.222717,-87.996140,poi
71323,40.296900,-111.694650,city
71324,34.697067,-82.396384,poi
71325,32.531741,-93.674417,poi
71326,41.338840,-81.475068,city
71327,41.311370,-105.591100,city
71328,42.209862,-71.184647,poi
71329,33.348720,-87.014160,city
71330,43.065340,-76.472990,city
71331,45.157608,-90.334389,city
71332,32.113180,-103.193510,city
71333,32.388190,-98.979230,city
71334,31.857630,-103.092670,city
71335,34.184790,-101.706840,city
71336,32.717890,-100.917620,city
71337,32.220700,-98.202260,city
71338,42.984837,-90.655107,poi
71339,41.731461,-93.638435,city
71340,44.328662,-94.476419,poi
71341,36.015734,-87.331992,poi
71342,44.720787,-94.481792,poi
71343,32.085140,-98.341990,city
71344,33.191220,-101.379000,city
71345,31.709320,-98.991160,city
71346,32.448740,-99.733140,city
71347,32.405960,-99.493690,city
71348,32.702610,-103.136040,city
71349,31.751240,-103.159890,city
71350,32.318720,-102.545720,city
71351,31.897370,-98.603660,city
71352,32.842330,-104.403300,city
71353,34.430350,-103.632460,city
71354,31.897370,-98.603660,city
71355,32.220700,-98.202260,city
71356,31.422910,-103.493230,city
71357,31.857630,-103.092670,city
71358,32.420670,-104.228840,city
71359,32.448740,-99.733140,city
71360,31.463770,-100.437040,city
71361,31.374050,-100.307590,city
71362,32.220700,-98.202260,city
71363,32.220700,-98.202260,city
71364,40.284220,-84.155500,city
71365,43.616380,-88.490660,city
71366,42.584740,-87.821190,city
71367,31.569445,-102.907129,poi
71368,41.559370,-90.575955,city
71369,43.511187,-116.147155,poi
71370,35.528080,-108.742580,city
71371,38.703391,-93.217667,poi
71372,46.922659,-95.059547,poi
71376,26.762045,-81.435378,city
71377,39.986276,-104.754146,poi
71378,33.666187,-112.065167,city
71379,34.655271,-92.412785,poi
71381,46.011631,-91.487826,poi
71382,43.440694,-88.856129,poi
71383,41.526200,-85.066780,city
71384,43.454243,-96.825405,poi
71385,39.817967,-84.005184,poi
71386,40.467260,-87.668360,city
71387,41.699475,-93.040384,poi
71388,41.219261,-96.636464,poi
71389,34.452759,-79.367789,poi
71390,38.701440,-90.148720,city
71391,34.887583,-92.375190,poi
71392,41.242101,-87.629018,poi
71393,45.316006,-94.298213,poi
71394,32.415212,-97.228819,poi
71395,42.959841,-90.129830,poi
71397,31.732120,-84.170740,city
71398,41.765681,-93.726034,poi
71399,39.006120,-94.072450,city
71401,44.884358,-93.031052,city
71402,33.630590,-112.333220,city
71404,33.466467,-112.103898,city
71405,33.466467,-112.103898,city
71406,33.466467,-112.103898,city
71407,33.466467,-112.103898,city
71408,33.466467,-112.103898,city
71410,33.422270,-111.822640,city
71411,33.306160,-111.841250,city
71412,33.306160,-111.841250,city
71413,33.415050,-111.549580,city
71416,32.221740,-110.926480,city
71417,32.221740,-110.926480,city
71418,32.221740,-110.926480,city
71421,31.794791,-106.364382,poi
71428,42.861398,-89.559528,poi
71429,33.666187,-112.065167,city
71430,36.350787,-86.716490,poi
71433,41.955551,-91.720793,city
71434,43.186718,-95.839640,poi
71435,35.278016,-80.808393,poi
71436,44.356724,-106.659926,poi
71437,43.495995,-111.983415,poi
71438,32.083540,-81.099830,city
71439,30.632410,-87.039690,city
71440,47.659660,-117.429080,city
71441,40.455520,-109.528750,city
71442,37.693950,-85.859130,city
71443,40.372110,-83.725348,poi
71444,37.273336,-93.111242,poi
71445,43.797190,-90.077350,city
71446,41.523640,-90.577640,city
71447,44.111162,-88.696877,poi
71449,36.174970,-115.137220,city
71450,34.806170,-106.733360,city
71452,33.725100,-102.759380,city
71453,33.394370,-104.524910,city
71454,32.702610,-103.136040,city
71455,33.666470,-101.682940,city
71456,35.171910,-103.726860,city
71457,33.983970,-99.724820,city
71458,33.476480,-100.855690,city
71460,35.639770,-101.603230,city
71461,36.377810,-103.024100,city
71462,32.702610,-103.136040,city
71463,32.702610,-103.136040,city
71464,33.157600,-99.733700,city
71465,32.470950,-100.405940,city
71466,33.133430,-100.227330,city
71467,34.474230,-101.304610,city
71468,32.945390,-99.802870,city
71469,33.725100,-102.759380,city
71470,31.422910,-103.493230,city
71471,32.420670,-104.228840,city
71472,32.635110,-100.759280,city
71473,34.029260,-98.918960,city
71474,30.213585,-97.138927,poi
71476,42.830253,-88.709277,city
71477,44.538610,-87.703980,city
71478,34.271757,-85.238127,poi
71479,34.397461,-84.413916,poi
71480,36.059480,-102.513250,city
71481,48.571100,-97.177850,city
71482,47.474893,-111.360658,poi
71484,31.960753,-83.753764,poi
71485,34.736463,-80.777057,poi
71486,38.677270,-87.528630,city
71487,38.968850,-112.323550,city
71488,43.736312,-98.956245,poi
71490,33.647663,-85.505403,poi
71491,36.759681,-89.534862,poi
71492,38.244703,-86.356903,poi
71493,32.523210,-92.637930,city
71494,42.960060,-78.405580,city
71495,39.635318,-86.116395,poi
71496,40.843670,-81.764020,city
71498,45.161734,-89.147653,poi
71499,43.009350,-89.731392,poi
71500,44.000233,-91.294503,poi
71502,32.373165,-98.968815,poi
71503,37.960950,-100.832426,poi
71504,41.223000,-111.973830,city
71505,42.793069,-88.387605,poi
71506,43.399140,-95.751960,city
71509,44.425260,-72.015120,city
71510,38.200910,-84.873280,city
71511,33.991279,-83.340774,poi
71512,28.484619,-81.309626,poi
71514,31.862787,-106.686920,poi
71515,38.277242,-88.903370,poi
71516,42.258490,-79.744148,poi
71517,35.651371,-80.456764,poi
71518,35.008150,-90.789830,city
71519,32.297852,-86.197313,poi
71520,44.839963,-92.604064,city
71521,42.830253,-88.709277,city
71522,30.687970,-92.271520,city
71523,31.205180,-85.381880,city
71524,40.898675,-81.438036,poi
71525,35.969877,-83.249727,poi
71526,42.904790,-76.862740,city
71527,41.538690,-75.946590,city
71528,44.797190,-106.956180,city
71529,44.792057,-91.493436,poi
71531,38.707883,-95.074333,poi
71534,38.985750,-119.162930,city
71535,40.619701,-116.915208,poi
71536,34.960016,-106.659712,poi
71542,40.518632,-104.708453,poi
71543,32.792000,-115.563050,city
71555,43.049816,-91.141521,poi
71556,44.953031,-90.799624,poi
71557,35.747880,-95.369690,city
71558,34.638545,-102.735239,poi
71559,32.209580,-99.796750,city
71560,32.671866,-107.153052,poi
71561,31.884880,-97.073340,city
71562,42.947850,-74.370410,city
71563,43.308124,-91.796121,poi
71564,47.371960,-102.754080,city
71565,31.767378,-106.298280,city
71566,44.159060,-94.009150,city
71567,41.930111,-72.711647,poi
71568,38.785389,-94.928434,poi
71570,36.083960,-89.829250,city
71571,28.541405,-82.462561,poi
71572,37.184606,-77.321129,poi
71573,28.001570,-82.355666,poi
71574,32.540440,-82.903750,city
71575,32.879033,-96.992019,city
71576,32.879033,-96.992019,city
71577,36.439604,-103.176031,poi
71578,33.219848,-86.797813,poi
71579,43.749795,-87.745770,city
71580,41.711870,-112.165510,city
71582,34.773210,-80.391730,city
71583,27.833017,-81.589472,poi
71586,42.179179,-73.758572,poi
71590,36.450215,-104.592543,poi
71592,36.873690,-95.095800,city
71594,41.654930,-85.706137,poi
71595,39.708380,-91.358480,city
71596,33.370650,-105.226370,city
71597,34.067860,-102.524360,city
71598,32.895130,-97.545860,city
71600,31.725525,-96.177035,poi
71601,35.601155,-78.573013,poi
71602,42.226670,-82.958330,city
71603,32.833950,-109.707580,city
71604,40.760780,-111.891050,city
71605,32.914720,-105.946337,poi
71606,33.505920,-102.009060,city
71607,47.102596,-119.339664,poi
71608,45.560800,-94.162490,city
71609,35.439890,-95.969747,poi
71610,32.542390,-83.070430,city
71612,30.631900,-81.606490,city
71614,35.121240,-81.515920,city
71615,35.072560,-98.243660,city
71616,32.808460,-98.112820,city
71617,29.486800,-82.858829,poi
71618,39.733561,-94.218623,poi
71619,36.070573,-79.868110,poi
71621,34.188479,-101.748559,poi
71622,30.541076,-88.176718,poi
71623,31.708770,-87.777220,city
71624,40.739100,-114.073350,city
71625,37.469450,-105.870020,city
71627,33.028773,-83.914588,poi
71628,33.140183,-86.751906,poi
71629,45.572046,-93.193954,city
71630,36.375713,-80.488767,poi
71631,34.618995,-87.029950,poi
71632,32.296030,-81.235390,city
71634,34.258070,-88.704640,city
71635,35.857021,-86.432987,city
71636,35.857021,-86.432987,city
71637,33.584519,-102.154598,poi
71638,29.640261,-98.212924,poi
71639,39.667300,-80.872040,city
71640,33.932060,-83.713780,city
71641,33.448380,-112.074040,city
71642,36.914720,-111.455830,city
71643,32.406530,-97.211680,city
71644,32.388170,-100.864560,city
71646,30.406480,-87.005530,city
71647,37.980680,-91.721219,poi
71648,36.555445,-87.252725,poi
71649,32.755680,-98.902290,city
71650,31.892370,-100.484820,city
71651,30.060877,-97.835294,poi
71652,41.070472,-81.490192,poi
71653,37.275280,-107.880070,city
71654,42.099713,-89.019774,poi
71655,38.223950,-86.586370,city
71656,45.196910,-96.019770,city
71657,37.123940,-92.101270,city
71659,41.485930,-72.355360,city
71661,35.459728,-93.479861,poi
71662,41.448620,-97.730610,city
71663,34.973933,-101.937404,poi
71664,39.456210,-77.963890,city
71666,44.732971,-93.384485,poi
71667,28.545436,-82.401329,poi
71668,35.815160,-80.876201,city
71672,32.234590,-97.755310,city
71673,34.521457,-82.495179,city
71674,45.572046,-93.193954,city
71676,40.367868,-86.860208,city
71679,35.191752,-101.805309,city
71680,33.950940,-90.767880,city
71681,41.718040,-94.932490,city
71682,41.668920,-87.738660,city
71683,41.564851,-88.273394,city
71685,31.187130,-94.781040,city
71686,32.470680,-100.012870,city
71687,32.388170,-100.864560,city
71688,42.555152,-89.010464,poi
71689,43.192299,-88.262365,city
71691,35.111720,-101.363220,city
71692,34.117050,-83.572390,city
71694,43.063910,-85.934770,city
71695,43.853503,-91.225451,city
71696,32.525150,-93.750180,city
71697,41.161170,-79.083090,city
71698,41.642756,-91.525543,poi
71699,42.589441,-87.883297,poi
71700,30.117660,-83.582740,city
71701,44.410987,-88.126609,poi
71702,36.989310,-79.482530,city
71704,32.849851,-96.568405,poi
71705,27.704416,-97.372371,city
71706,33.993490,-81.073980,city
71707,40.037880,-76.305510,city
71708,37.574438,-77.466612,city
71709,35.129222,-85.283259,poi
71710,41.838600,-94.107180,city
71712,38.995250,-110.161800,city
71713,35.842300,-90.704280,city
71714,25.626065,-80.398039,poi
71715,31.463770,-100.437040,city
71716,32.420670,-104.228840,city
71717,42.623502,-88.666144,poi
71718,42.012565,-93.677145,poi
71719,45.278860,-92.985220,city
71721,38.659220,-87.172790,city
71722,40.108320,-104.519960,city
71723,35.536160,-100.959870,city
71724,32.808460,-98.112820,city
71725,31.222650,-101.937910,city
71726,44.314707,-93.964108,poi
71735,46.264294,-119.082152,poi
71736,34.074225,-84.677392,poi
71737,30.247182,-81.536595,poi
71738,42.729339,-90.476582,poi
71739,32.367120,-81.884000,city
71740,33.492528,-81.970990,poi
71741,33.414580,-82.312620,city
71769,35.945150,-78.111930,city
71770,41.169530,-75.877420,city
71771,37.614480,-93.410470,city
71772,45.396317,-92.584283,poi
71773,41.985946,-92.582834,poi
71774,39.302270,-90.407060,city
71775,37.043080,-100.921000,city
71776,32.644222,-85.355330,poi
71779,33.448380,-112.074040,city
71784,28.080210,-81.964226,city
71785,40.958420,-75.974650,city
71786,40.106423,-79.375879,poi
71787,40.060459,-95.602031,poi
71792,43.855558,-95.114701,poi
71793,39.006220,-77.428600,city
71794,46.464340,-90.167519,poi
71795,33.042547,-84.983538,poi
71797,41.662787,-93.463862,city
71798,46.275110,-122.907610,city
71800,37.914210,-91.902660,city
71801,42.766042,-96.212154,poi
71802,30.894040,-102.879320,city
71803,32.016554,-102.140924,city
71804,41.730580,-88.345900,city
71805,36.015620,-86.581940,city
71806,27.243930,-80.829780,city
71807,44.512776,-87.963122,city
71808,35.045630,-85.309680,city
71811,40.085508,-76.380647,poi
71812,43.623586,-87.776184,poi
71813,42.673320,-91.913500,city
71814,29.209680,-99.786170,city
71815,41.223000,-111.973830,city
71816,39.710230,-111.836320,city
71817,44.818947,-91.458729,poi
71818,39.842146,-89.521938,poi
71822,32.302335,-101.857209,poi
71823,42.470530,-93.993560,city
71824,29.217207,-98.414337,city
71826,46.480793,-90.050808,poi
71827,45.081187,-94.189376,poi
71828,44.850111,-87.355939,city
71829,46.760788,-92.131756,city
71830,34.912649,-91.197445,poi
71831,36.291098,-97.325242,poi
71832,41.031301,-81.863001,poi
71833,31.509050,-87.894440,city
71835,31.913490,-87.735840,city
71836,35.595822,-77.337802,poi
71837,39.414270,-77.410540,city
71838,39.871770,-76.483020,city
71839,40.517320,-75.777420,city
71840,41.701490,-71.155050,city
71841,39.114170,-94.627460,city
71844,41.304220,-82.975190,city
71845,32.748190,-98.009210,city
71848,32.397120,-82.060120,city
71849,35.191752,-101.805309,city
71850,43.569720,-87.823420,city
71851,31.884880,-97.073340,city
71852,45.822499,-91.891705,poi
71853,32.417451,-99.527158,poi
71854,33.755660,-96.536660,city
71855,43.087457,-76.186653,city
71856,36.976541,-84.106226,poi
71857,33.602563,-81.843069,poi
71858,32.518480,-92.147640,city
71859,31.923210,-97.656690,city
71860,30.375314,-89.740667,poi
71862,41.757798,-81.045255,poi
71864,37.997260,-91.614320,city
71865,32.906404,-96.447589,poi
71866,38.133726,-85.719364,poi
71867,45.464700,-98.486480,city
71868,28.851284,-82.488784,poi
71869,32.149090,-81.163170,city
71870,33.186051,-86.243097,poi
71871,44.634848,-91.954911,poi
71872,41.531660,-94.009670,city
71873,45.164243,-93.017501,poi
71874,40.018690,-78.503910,city
71875,32.161511,-94.318966,poi
71876,35.870365,-84.320871,city
71877,41.414530,-88.367447,poi
71878,39.715846,-82.670876,poi
71879,41.511980,-87.965610,city
71883,30.593136,-97.589592,poi
71886,31.136091,-81.569273,poi
71887,40.962780,-96.441120,city
71888,43.163530,-111.018020,city
71889,34.230870,-111.325140,city
71890,35.198070,-111.651270,city
71892,27.498930,-82.574820,city
71893,25.774270,-80.193660,city
71894,31.603510,-94.655490,city
71897,31.040290,-104.830730,city
71898,40.541055,-88.999479,poi
71899,41.393087,-91.087571,poi
71902,27.506410,-99.507540,city
71903,32.965960,-97.683640,city
71904,41.761698,-81.047907,poi
71906,41.195040,-87.198640,city
71909,33.425221,-84.184129,city
71910,44.311708,-93.272043,poi
71911,39.212190,-111.019610,city
71912,33.023701,-96.518635,poi
71913,39.566746,-86.250293,poi
71914,36.865610,-87.491170,city
71916,33.204264,-79.986779,poi
71919,33.392116,-97.175650,poi
71922,39.067780,-96.287874,poi
71923,39.715620,-82.952960,city
71924,41.197330,-79.425804,poi
71925,35.029841,-85.362234,poi
71926,38.857148,-94.525614,poi
71927,34.638130,-99.333980,city
71929,30.086050,-94.101850,city
71931,30.845238,-83.333773,poi
71932,40.757416,-86.317339,poi
71933,36.876720,-89.587860,city
71934,39.650103,-83.543557,poi
71935,42.629201,-73.776032,poi
71936,33.927641,-98.512609,poi
71937,44.835879,-93.774409,poi
71941,32.654630,-85.452045,poi
71942,43.087457,-76.186653,city
71943,31.946025,-102.142449,city
71944,33.512541,-93.949320,poi
71945,34.985660,-90.907465,poi
71946,31.216280,-99.845630,city
71947,41.010060,-81.862360,city
71948,44.463300,-96.247260,city
71949,40.881450,-82.661840,city
71950,40.272290,-81.605950,city
71951,38.356998,-78.924251,poi
71953,34.684550,-90.382880,city
71957,37.944770,-90.724300,city
71958,40.520620,-81.474010,city
71960,40.816014,-81.934708,city
71961,40.694500,-81.703180,city
71962,40.746535,-82.799586,poi
71965,34.319303,-92.412671,poi
71966,36.207193,-82.351776,poi
71967,31.578510,-84.155740,city
71968,30.718732,-85.019696,poi
71969,44.978706,-73.451606,poi
71970,34.961760,-89.829530,city
71971,40.568440,-74.538490,city
71972,39.600650,-77.820550,city
71973,35.698153,-78.585547,poi
71975,37.132309,-80.391856,poi
71976,30.516044,-81.632819,city
71977,41.761420,-88.443690,city
71978,41.018610,-95.799170,city
71979,31.914420,-102.286425,city
71980,31.487871,-100.468609,poi
71981,35.605271,-77.372740,poi
71982,40.709110,-112.101610,city
71983,41.142760,-102.977980,city
71984,42.692313,-88.500114,poi
71985,42.481842,-95.785208,poi
71988,28.565280,-81.586180,city
71990,32.717890,-100.917620,city
71991,39.841110,-95.728040,city
71992,38.700215,-75.589861,poi
71994,28.080210,-81.964226,city
71995,35.009072,-105.668885,poi
71996,44.276380,-87.807310,city
71997,26.410303,-81.417748,poi
71999,34.955128,-82.144963,poi
72000,27.119220,-82.444260,city
72001,36.323110,-86.713330,city
72003,34.214320,-80.973980,city
72004,38.654246,-75.593967,poi
72006,44.761524,-69.564950,poi
72008,33.612610,-92.064580,city
72009,32.433698,-96.223206,poi
72011,31.064207,-98.161895,poi
72012,31.525337,-97.186932,city
72013,33.144666,-94.159816,poi
72014,32.492733,-94.707212,poi
72015,33.630252,-95.561174,city
72016,31.525337,-97.186932,city
72017,33.630252,-95.561174,city
72018,31.742100,-98.945610,city
72019,33.200536,-101.382864,poi
72020,32.126250,-99.165340,city
72021,31.203510,-97.036660,city
72022,31.432449,-97.782201,poi
72024,48.317240,-102.390450,city
72025,48.112780,-98.865120,city
72026,46.874902,-102.308502,poi
72028,47.649170,-99.629290,city
72029,48.397240,-102.938240,city
72030,44.275707,-105.448162,poi
72031,46.976944,-96.881062,poi
72033,34.195400,-82.161790,city
72034,40.760780,-111.891050,city
72038,31.232007,-90.439343,poi
72039,30.390327,-84.797544,poi
72041,30.442829,-85.040176,poi
72044,35.249460,-112.191000,city
72045,39.684130,-110.854610,city
72046,44.007660,-116.916550,city
72054,34.438327,-88.675803,poi
72060,32.828190,-88.476430,city
72063,38.841852,-76.728129,poi
72066,29.606514,-98.012807,poi
72067,29.354535,-98.853497,poi
72071,32.899484,-80.016316,poi
72072,32.336300,-81.391500,city
72073,36.064779,-79.411704,poi
72074,31.482452,-97.287522,poi
72075,41.763710,-72.685090,city
72077,32.714860,-89.214230,city
72078,26.266424,-98.201108,poi
72080,32.718990,-102.644910,city
72081,27.877800,-97.211660,city
72082,40.738660,-85.171640,city
72083,31.327120,-89.290340,city
72084,40.915060,-78.216400,city
72086,31.112950,-86.046050,city
72087,40.707430,-74.100263,poi
72089,37.102840,-85.306350,city
72090,35.504908,-97.935930,poi
72091,35.917660,-76.252150,city
72092,35.788490,-77.637750,city
72096,32.548220,-82.871810,city
72097,34.029260,-98.918960,city
72100,34.858280,-89.689299,poi
72101,42.371775,-83.276169,poi
72104,35.701730,-96.880860,city
72105,34.933430,-95.769710,city
72106,34.643420,-97.164470,city
72108,48.442520,-101.714610,city
72110,33.592899,-101.975062,poi
72111,35.200687,-101.815602,poi
72112,33.411170,-110.842610,city
72113,41.511980,-87.965610,city
72114,35.782640,-80.887300,city
72115,34.353160,-89.023120,city
72116,41.368380,-82.107650,city
72118,41.599196,-88.006216,poi
72119,41.850590,-87.793670,city
72120,32.448790,-81.783170,city
72122,45.394846,-92.162432,poi
72124,40.687290,-80.271450,city
72125,39.354220,-85.966660,city
72126,40.173650,-85.494140,city
72128,39.948928,-86.336236,poi
72130,42.103360,-88.372860,city
72132,37.990080,-84.179650,city
72134,41.370842,-81.063021,poi
72136,33.167340,-95.111880,city
72139,35.149530,-90.048980,city
72142,41.701432,-86.002868,poi
72143,39.756120,-99.323990,city
72144,36.990320,-86.443600,city
72145,33.102350,-84.342700,city
72146,40.413700,-76.478300,city
72148,32.467969,-99.989604,poi
72149,37.304320,-77.287200,city
72150,30.140210,-94.411020,city
72153,32.377120,-82.592360,city
72154,32.217690,-82.413460,city
72155,36.875402,-97.056292,poi
72156,36.086460,-91.067350,city
72157,36.261460,-90.971230,city
72160,35.756470,-83.970460,city
72162,31.539050,-88.528920,city
72163,40.477600,-74.626820,city
72170,26.158960,-97.823890,city
72171,30.044130,-82.071770,city
72175,31.951820,-97.321400,city
72180,35.394821,-94.599532,poi
72181,35.941740,-91.548470,city
72182,29.680510,-97.647500,city
72184,32.153480,-90.131200,city
72185,32.405680,-86.213610,poi
72188,30.053810,-90.551750,city
72189,39.515060,-84.398280,city
72190,34.256280,-78.044710,city
72191,41.681990,-85.976670,city
72192,41.179230,-73.189450,city
72193,34.878980,-96.412510,city
72194,41.633370,-87.633100,city
72195,40.926210,-75.092680,city
72196,41.035340,-80.536460,city
72197,38.810340,-90.474815,poi
72199,38.771440,-90.370950,city
72200,33.769000,-89.808420,city
72201,31.026020,-96.485240,city
72202,39.534910,-119.752690,city
72205,30.904050,-84.559061,poi
72206,41.900590,-87.856730,city
72207,41.668920,-87.738660,city
72210,35.465990,-78.160550,city
72212,33.196320,-80.014290,city
72213,44.183410,-79.699640,city
72215,43.048680,-76.562720,city
72216,44.018549,-107.956834,poi
72217,37.372984,-79.217883,poi
72219,33.605940,-86.021360,city
72222,48.601050,-93.410980,city
72224,40.735660,-74.172370,city
72225,39.077378,-78.965828,poi
72226,34.366500,-89.519250,city
72227,34.828150,-89.564530,city
72228,33.920440,-80.341470,city
72229,33.920440,-80.341470,city
72230,35.736740,-78.842109,poi
72231,43.751240,-105.492010,city
72232,41.725590,-87.825060,city
72233,33.736225,-101.843893,poi
72235,37.840600,-88.609220,city
72236,37.181300,-75.969442,poi
72237,38.884963,-75.829325,poi
72238,39.264773,-76.655334,city
72239,38.569180,-75.562972,poi
72240,39.488994,-76.657111,poi
72241,39.952380,-75.163620,city
72242,39.414442,-76.463005,poi
72243,37.977906,-85.691730,poi
72247,32.457640,-91.493170,city
72248,35.149530,-90.048980,city
72250,34.009176,-85.029524,poi
72251,42.354269,-83.063168,city
72256,44.120360,-69.240050,city
72257,36.009013,-76.955363,poi
72259,42.062633,-88.264993,poi
72260,36.595995,-76.676008,poi
72261,34.116220,-88.711720,city
72262,37.244704,-77.409447,poi
72263,32.524408,-84.867106,poi
72264,33.660940,-95.555510,city
72266,35.199800,-87.030840,city
72267,42.037250,-88.281190,city
72268,31.742090,-99.321730,city
72273,32.865059,-80.013904,poi
72274,33.023066,-80.165577,city
72276,41.665600,-86.213167,poi
72277,42.530060,-78.472800,city
72278,34.735160,-79.348930,city
72279,41.888910,-91.056540,city
72281,39.452767,-76.304922,poi
72282,40.845776,-73.914133,poi
72285,32.305430,-84.772700,city
72287,36.109200,-97.898670,city
72288,41.663940,-83.555210,city
72289,30.140017,-93.995468,poi
72290,30.836580,-83.978780,city
72291,30.139120,-82.951800,city
72292,28.501670,-81.540910,city
72293,30.774360,-85.226870,city
72294,44.921391,-73.109771,poi
72295,29.974380,-93.992400,city
72296,33.192222,-101.377422,poi
72297,34.086210,-84.987440,city
72298,32.139081,-101.807052,poi
72302,32.207090,-88.056130,city
72303,31.585619,-89.240711,poi
72305,37.001349,-91.683281,poi
72308,27.243930,-80.829780,city
72309,34.014340,-86.006390,city
72310,28.398494,-82.659797,poi
72313,32.809161,-81.949029,poi
72314,41.815154,-88.205483,poi
72315,42.215056,-88.287546,poi
72316,42.154399,-88.264457,poi
72317,38.156757,-85.715458,city
72318,41.847896,-87.743856,city
72319,41.847896,-87.743856,city
72320,36.132323,-86.402490,poi
72321,36.015620,-86.581940,city
72324,39.337270,-85.483580,city
72325,39.370280,-94.782460,city
72326,38.958400,-85.880835,poi
72328,25.774270,-80.193660,city
72329,41.401950,-99.639280,city
72330,41.368380,-82.107650,city
72331,34.604810,-96.424170,city
72332,28.441930,-99.760330,city
72333,31.306050,-82.242070,city
72335,40.759248,-82.795469,poi
72337,42.710472,-114.517049,city
72338,29.347713,-99.118310,poi
72339,30.222887,-85.594441,poi
72340,41.429480,-88.228670,city
72342,39.026990,-86.937510,city
72343,46.448429,-120.431270,poi
72344,37.747860,-84.294650,city
72345,46.377350,-120.308670,city
72346,30.816030,-92.660420,city
72347,42.262845,-84.756033,poi
72348,41.783116,-87.906758,poi
72349,42.253855,-88.831560,city
72350,41.900288,-88.739159,poi
72351,40.451682,-86.850104,poi
72352,32.037660,-93.700180,city
72360,41.781670,-99.133150,city
72361,41.123890,-100.765420,city
72362,40.771960,-98.369510,city
72363,40.940624,-98.359298,city
72368,32.617560,-116.189740,city
72372,32.401520,-98.817560,city
72373,44.251062,-70.258834,poi
72374,44.329636,-70.554796,poi
72376,31.040659,-84.878917,poi
72378,40.193380,-85.386360,city
72380,30.243234,-94.208644,poi
72382,30.055396,-94.140966,poi
72385,41.120030,-87.861150,city
72387,38.809800,-82.202370,city
72389,31.876413,-102.422230,city
72390,36.089116,-95.957305,city
72391,36.089116,-95.957305,city
72394,34.674787,-82.539830,poi
72395,31.435160,-97.743910,city
72396,24.713750,-81.090350,city
72400,34.149340,-78.093600,city
72402,34.538780,-78.787520,city
72403,35.817535,-78.615444,poi
72408,30.562180,-81.830660,city
72410,42.271130,-89.094000,city
72412,42.234740,-88.948990,city
72413,27.901410,-81.585910,city
72418,25.780599,-80.215149,poi
72419,39.739150,-104.984700,city
72420,37.104150,-113.584120,city
72424,40.577330,-74.228200,city
72425,34.733220,-78.790020,city
72428,32.279148,-90.156886,poi
72429,32.149090,-81.163170,city
72430,33.310670,-85.754410,city
72432,31.788626,-97.581030,poi
72433,32.732640,-89.536180,city
72435,37.677480,-113.061890,city
72436,41.975030,-88.007290,city
72437,38.573320,-109.549840,city
72438,41.872677,-87.864193,poi
72440,39.704540,-77.326930,city
72441,41.768074,-78.026986,poi
72442,40.218671,-79.610341,poi
72443,39.791573,-77.730087,poi
72444,35.706716,-81.295265,poi
72445,41.143870,-80.721787,poi
72446,41.709638,-78.693679,poi
72447,36.592640,-78.616110,city
72448,35.602850,-85.919710,city
72456,34.896172,-82.163254,city
72458,26.762045,-81.435378,city
72459,26.604745,-81.866332,city
72462,45.776040,-111.176900,city
72466,34.902250,-110.158180,city
72467,40.201480,-77.188870,city
72468,34.133550,-109.288340,city
72471,41.698640,-88.068400,city
72473,26.249672,-97.726350,poi
72475,34.254210,-110.029830,city
72476,46.826660,-100.889580,city
72477,34.648390,-86.842429,city
72478,34.648390,-86.842429,city
72479,32.717890,-100.917620,city
72480,37.094999,-93.806155,poi
72481,44.297194,-92.789299,poi
72482,40.654810,-76.100770,city
72483,38.741594,-85.813830,poi
72485,33.394370,-104.524910,city
72486,39.741641,-104.432542,poi
72487,26.149800,-97.913610,city
72488,37.130540,-113.508290,city
72489,41.430600,-86.898360,city
72490,35.471440,-98.355620,city
72492,40.408513,-104.853965,poi
72493,32.268700,-107.758640,city
72494,29.233290,-98.796410,city
72495,35.194403,-101.707925,poi
72496,31.627110,-96.283860,city
72497,37.084230,-94.513280,city
72498,40.400890,-82.810730,city
72499,32.326470,-109.487010,city
72500,41.661107,-88.488887,poi
72501,41.327530,-89.128970,city
72502,34.416550,-79.371160,city
72503,35.163358,-90.174101,poi
72505,43.607406,-95.604447,city
72506,38.735890,-85.379960,city
72507,38.968850,-112.323550,city
72510,39.896460,-80.179230,city
72514,40.078900,-93.616610,city
72515,39.169760,-91.882950,city
72519,34.935060,-78.921062,city
72520,38.762790,-93.736050,city
72521,37.680600,-92.663790,city
72522,40.023370,-92.491580,city
72523,36.992280,-91.969870,city
72524,40.845152,-74.009374,poi
72526,40.051380,-94.524120,city
72528,39.223524,-92.847731,poi
72529,39.418370,-92.438240,city
72530,38.627530,-92.566580,city
72531,36.970890,-93.717980,city
72533,40.728160,-74.077640,city
72534,40.131110,-95.231640,city
72535,42.092760,-93.935510,city
72536,40.202240,-93.125210,city
72537,38.368630,-93.778270,city
72538,36.595890,-90.247320,city
72540,39.448940,-91.051530,city
72541,40.440280,-95.377760,city
72542,39.693930,-92.042950,city
72543,38.368630,-93.778270,city
72544,44.093320,-102.836280,city
72546,36.757000,-90.392890,city
72548,33.895660,-94.826330,city
72550,36.675800,-114.620820,city
72551,40.526950,-97.595880,city
72552,42.786020,-112.854440,city
72553,40.856558,-82.251055,poi
72554,30.166040,-85.685760,city
72556,31.449890,-98.570880,city
72557,32.132420,-81.299000,city
72558,36.187727,-86.409447,poi
72559,32.612640,-90.036750,city
72560,41.798110,-85.643320,city
72561,40.000826,-105.018660,poi
72562,39.469224,-77.955106,poi
72563,30.897708,-88.039347,poi
72565,35.442850,-84.592990,city
72566,39.455427,-108.044707,poi
72567,29.356350,-98.115560,city
72569,34.421210,-84.119080,city
72570,43.499720,-87.850370,city
72571,46.607314,-120.467834,poi
72572,39.985260,-104.820530,city
72574,32.266319,-109.847260,poi
72575,30.925190,-88.590020,city
72576,41.823710,-72.621200,city
72577,41.580467,-87.557645,poi
72578,32.182952,-90.253004,poi
72579,33.962074,-80.421096,poi
72580,44.921588,-91.369150,city
72581,43.377290,-73.613170,city
72582,43.100900,-75.232660,city
72583,41.012502,-76.411332,poi
72584,39.534910,-119.752690,city
72585,42.283080,-87.953130,city
72586,30.477922,-92.073636,poi
72587,32.470950,-100.405940,city
72588,33.218450,-98.158660,city
72589,34.724780,-100.534010,city
72590,41.102839,-114.975657,poi
72591,33.586210,-86.286090,city
72592,39.142276,-88.534166,poi
72594,33.455840,-94.130004,poi
72595,39.388160,-77.885550,city
72596,36.741720,-88.636720,city
72597,41.237560,-80.818420,city
72599,40.780840,-99.741500,city
72603,39.797154,-86.261311,poi
72606,39.193350,-93.362990,city
72607,45.834940,-109.955460,city
72608,37.724220,-89.861220,city
72610,35.705080,-89.969530,city
72611,46.276216,-87.415051,city
72612,37.680600,-92.663790,city
72614,38.673150,-80.774820,city
72615,40.800000,-96.666960,city
72616,37.981440,-90.041780,city
72619,34.636760,-88.231710,city
72620,48.288890,-99.437640,city
72621,39.218080,-93.069090,city
72622,36.807020,-89.996754,poi
72623,41.525190,-88.083400,city
72625,40.346100,-94.872470,city
72626,35.816190,-90.434270,city
72628,33.744020,-81.840670,city
72629,38.345600,-91.501550,city
72630,38.846710,-91.947960,city
72631,41.600030,-87.938110,city
72633,38.532240,-93.522150,city
72634,34.815210,-102.399320,city
72635,42.329203,-71.723911,poi
72637,35.960640,-83.920740,city
72639,34.090380,-96.771670,city
72640,46.276216,-87.415051,city
72642,38.079371,-117.253658,poi
72643,35.364157,-97.581941,poi
72644,40.585260,-105.084420,city
72645,32.425881,-111.160217,poi
72646,32.737600,-101.950990,city
72647,32.517640,-87.836400,city
72648,38.449658,-105.157043,poi
72649,41.982168,-114.671267,poi
72650,28.436930,-99.235030,city
72651,32.132420,-81.299000,city
72652,30.421765,-97.585415,poi
72653,34.942318,-89.831811,poi
72655,36.529770,-87.359450,city
72656,32.318720,-102.545720,city
72660,34.481210,-87.293350,city
72663,31.773820,-84.448000,city
72664,32.761558,-96.995669,poi
72666,31.138175,-83.442101,poi
72667,33.827339,-93.395895,city
72668,31.340380,-110.934250,city
72669,37.684275,-97.353782,poi
72672,30.897671,-96.603082,poi
72674,38.317270,-88.903120,city
72675,41.061380,-102.074350,city
72676,43.636440,-95.594858,city
72677,45.833939,-88.059315,poi
72678,41.556440,-84.768850,city
72679,26.301740,-98.163340,city
72680,30.406590,-87.683600,city
72681,39.739150,-104.984700,city
72682,40.356522,-111.786431,poi
72683,38.013515,-87.491519,poi
72685,29.189680,-98.862530,city
72687,44.539400,-95.116940,city
72688,39.895223,-83.720475,poi
72689,29.572216,-98.011216,poi
72690,41.355775,-72.210773,poi
72691,37.211583,-93.347351,poi
72693,36.970890,-93.717980,city
72694,34.678512,-82.207153,poi
72695,32.544870,-94.367420,city
72696,32.715942,-83.724437,city
72698,30.421022,-89.135152,poi
72699,41.934011,-88.041175,poi
72700,33.470690,-82.504570,city
72701,38.257081,-90.404112,poi
72702,32.596082,-93.829010,poi
72705,37.183200,-77.316225,poi
72706,36.458973,-80.636918,poi
72707,39.055576,-104.855687,poi
72709,43.112681,-88.246872,city
72710,43.581254,-96.709481,city
72711,44.964996,-92.559613,poi
72713,43.581254,-96.709481,city
72714,32.878522,-85.147466,poi
72715,34.872230,-114.149400,city
72716,30.830950,-82.011310,city
72719,36.887019,-113.939703,poi
72721,34.648390,-86.842429,city
72723,35.024190,-110.697360,city
72724,35.222172,-112.479101,poi
72725,33.755660,-96.536660,city
72727,41.838087,-94.085731,poi
72728,40.625060,-96.964237,poi
72732,41.746669,-93.599705,poi
72733,33.376830,-79.294500,city
72734,41.269934,-72.974589,poi
72735,33.460046,-80.722661,poi
72736,32.540440,-82.903750,city
72737,33.470690,-82.504570,city
72738,38.590566,-92.201712,poi
72739,32.899530,-105.960270,city
72740,40.719450,-99.372040,city
72741,41.093212,-88.442424,poi
72742,33.610110,-84.287980,city
72743,41.332260,-87.785320,city
72745,44.001939,-75.922207,poi
72746,32.985730,-80.109810,city
72747,35.505413,-108.826107,poi
72748,34.165330,-84.802310,city
72749,44.850111,-87.355939,city
72750,32.009227,-97.098043,poi
72752,30.801198,-88.108268,poi
72753,35.193566,-101.779574,city
72754,33.246780,-84.264090,city
72755,39.749413,-86.226042,city
72756,41.707540,-86.895030,city
72757,30.525560,-89.677880,city
72758,32.501651,-94.731969,poi
72759,32.737600,-101.950990,city
72760,30.885884,-83.917628,poi
72761,34.731200,-87.702530,city
72763,43.079510,-75.750740,city
72764,41.911954,-72.612622,poi
72765,43.220620,-76.814960,city
72766,33.054800,-97.477617,poi
72767,40.203543,-104.987114,poi
72768,41.205330,-87.870266,poi
72769,33.530349,-101.871118,poi
72770,33.186000,-80.575650,city
72771,34.794700,-82.420084,poi
72772,34.178220,-79.400610,city
72773,33.002505,-96.857554,poi
72774,30.092990,-93.736550,city
72775,32.448740,-99.733140,city
72776,31.681642,-83.618165,poi
72778,43.060935,-96.176610,poi
72779,42.493070,-89.036780,city
72781,39.982025,-81.733478,poi
72782,41.109957,-80.886352,poi
72783,39.961019,-83.370390,poi
72784,41.791070,-107.238660,city
72785,41.554750,-88.098670,city
72786,38.042376,-97.319758,poi
72787,35.467560,-97.516430,city
72788,39.739150,-104.984700,city
72789,30.211011,-90.954358,poi
72791,37.312960,-108.608239,poi
72792,43.094500,-79.056710,city
72793,48.993720,-122.747120,city
72795,30.095216,-97.816171,poi
72796,33.493370,-112.357940,city
72797,45.669528,-94.811030,poi
72798,43.432052,-96.175069,poi
72799,41.823911,-89.475422,poi
72801,35.081225,-91.903412,poi
72802,42.066770,-71.328110,city
72803,30.489360,-99.772010,city
72804,36.181874,-86.749435,poi
72805,28.036680,-97.509160,city
72806,32.895218,-93.865779,poi
72808,33.304280,-96.986120,city
72809,29.894690,-81.314520,city
72810,36.089116,-95.957305,city
72811,36.067899,-95.780076,poi
72812,45.407193,-91.734238,city
72813,32.442080,-97.794200,city
72814,33.793440,-97.143070,city
72815,40.131912,-88.244332,poi
72816,35.193566,-101.779574,city
72817,30.965219,-97.528615,poi
72818,32.366810,-86.299970,city
72819,27.619044,-99.523531,city
72820,31.397360,-102.350140,city
72821,32.437340,-103.159080,city
72822,32.448740,-99.733140,city
72827,31.845680,-102.367640,city
72828,32.448740,-99.733140,city
72830,31.422910,-103.493230,city
72831,32.702610,-103.136040,city
72835,31.191540,-101.460390,city
72836,32.717890,-100.917620,city
72837,32.299166,-104.108691,poi
72839,32.702610,-103.136040,city
72841,32.964550,-102.829100,city
72844,31.422910,-103.493230,city
72847,32.250400,-101.478740,city
72848,31.222650,-101.937910,city
72849,31.997350,-102.077910,city
72851,31.997350,-102.077910,city
72853,31.143240,-89.409790,city
72855,41.564851,-88.273394,city
72857,35.506720,-97.762540,city
72859,40.034284,-86.900856,poi
72860,33.914236,-80.383963,city
72861,33.174280,-87.233610,city
72863,33.732692,-90.716528,poi
72864,30.903800,-84.575470,city
72867,46.574133,-111.976782,poi
72868,43.496173,-112.083306,city
72869,44.255381,-105.488778,poi
72871,32.688198,-114.584081,poi
72872,27.619044,-99.523531,city
72873,42.272203,-88.959430,poi
72874,29.741673,-98.093351,poi
72875,30.673956,-97.701399,poi
72876,34.682500,-82.199603,poi
72877,30.547690,-88.175280,city
72879,29.976678,-98.903238,poi
72880,32.132420,-81.299000,city
72882,35.420837,-96.298855,poi
72884,30.618250,-87.753050,city
72885,31.196462,-85.371975,poi
72886,30.878520,-96.593030,city
72888,30.748790,-99.230610,city
72889,32.964550,-102.829100,city
72891,41.668920,-87.738660,city
72893,27.638640,-80.397270,city
72894,33.358450,-97.694750,city
72895,34.504530,-97.119460,city
72896,32.040471,-96.448245,poi
72899,32.157380,-94.337420,city
72901,40.925010,-98.342010,city
72902,35.196537,-78.989654,poi
72903,31.914420,-102.286425,city
72904,30.578410,-98.275070,city
72905,28.967190,-98.478630,city
72906,38.254450,-104.609140,city
72907,31.594300,-102.892650,city
72908,35.265853,-81.176997,poi
72909,40.800000,-96.666960,city
72910,41.223000,-111.973830,city
72912,38.957740,-111.859930,city
72916,38.739700,-98.216317,poi
72917,43.686395,-79.606446,poi
72918,31.963510,-83.782390,city
72919,39.758950,-84.191610,city
72920,38.789883,-90.606424,poi
72921,38.223591,-91.152488,poi
72922,41.642361,-81.422445,poi
72923,31.579060,-90.440650,city
72924,34.617600,-89.968700,city
72925,34.299880,-79.876170,city
72926,43.956076,-86.291057,poi
72927,40.816014,-81.934708,city
72930,43.934663,-90.821322,poi
72933,33.712330,-84.105190,city
72934,27.742960,-97.440908,city
72935,29.239420,-81.465630,city
72936,28.668108,-82.137839,poi
72937,35.037380,-78.752694,poi
72938,36.068884,-80.340669,poi
72939,33.753395,-84.493781,poi
72940,36.514220,-87.313657,poi
72941,30.487896,-90.483028,poi
72942,31.767378,-106.298280,city
72943,30.447809,-91.209494,poi
72944,33.595491,-101.923572,poi
72945,30.399201,-87.682623,poi
72947,33.571824,-112.065921,city
72948,47.802240,-103.283250,city
72949,41.295600,-86.116390,city
72950,41.997390,-117.718200,city
72951,32.448740,-99.733140,city
72953,33.625940,-97.133350,city
72956,34.339890,-78.225280,city
72957,44.328096,-69.781654,poi
72958,39.389679,-89.080985,poi
72959,35.604800,-91.281800,city
72960,31.914420,-102.286425,city
72963,38.894660,-104.713425,city
72965,36.270175,-115.054001,poi
72966,40.558370,-85.659140,city
72967,31.943780,-94.244090,city
72968,36.240420,-80.293380,city
72969,40.847883,-84.312143,poi
72970,42.963360,-85.668090,city
72972,37.069230,-94.116600,city
72973,37.037300,-95.616370,city
72974,40.800000,-96.666960,city
72975,34.940853,-78.926697,poi
72976,30.236870,-92.505970,city
72978,34.872320,-89.690640,city
72979,41.120030,-87.861150,city
72981,34.708827,-86.707091,poi
72982,30.292194,-91.914973,poi
72983,30.189680,-82.639290,city
72984,36.569680,-115.670580,city
72985,41.889750,-87.988950,city
72986,42.037250,-88.281190,city
72987,31.398131,-103.481750,poi
72988,42.196970,-88.093410,city
72989,39.440340,-84.362160,city
72990,35.842300,-90.704280,city
72991,41.999470,-88.145070,city
72993,37.988690,-84.477720,city
72995,44.785521,-117.808859,poi
72996,40.963979,-80.658531,poi
72998,28.345550,-99.613380,city
72999,34.186190,-103.334400,city
73000,30.549742,-98.319215,poi
73003,33.314030,-82.096790,city
73005,42.118271,-72.061601,poi
73007,33.173180,-84.914940,city
73008,30.267150,-97.743060,city
73009,31.529900,-94.106030,city
73012,29.424120,-98.493630,city
73013,35.023430,-90.684830,city
73014,28.571001,-81.890096,poi
73015,39.618170,-75.075730,city
73016,32.433187,-81.755546,poi
73017,40.366670,-96.196120,city
73018,33.470670,-95.213840,city
73021,44.996903,-93.286702,city
73025,34.299880,-79.876170,city
73026,41.673640,-88.001730,city
73028,35.966332,-114.916186,poi
73029,31.386560,-97.215560,city
73030,42.263910,-88.844270,city
73031,30.996860,-94.827150,city
73032,33.481013,-82.131397,poi
73033,35.536160,-100.959870,city
73035,31.685885,-106.268779,poi
73036,41.587460,-109.202900,city
73037,32.542018,-92.710627,poi
73039,35.047060,-82.090110,city
73040,30.674360,-96.369960,city
73041,33.425221,-84.184129,city
73042,32.944010,-103.348550,city
73043,35.621211,-105.205223,poi
73044,43.496173,-112.083306,city
73045,47.677573,-117.410293,poi
73046,33.836000,-79.047810,city
73047,39.749413,-86.226042,city
73048,33.559000,-97.848650,city
73051,31.501256,-110.256372,poi
73052,33.436490,-82.177052,poi
73053,45.756717,-108.597669,poi
73055,44.389240,-69.302820,city
73056,35.005615,-78.816453,poi
73057,36.801346,-108.086268,poi
73058,43.212850,-75.455730,city
73059,40.881983,-81.424332,poi
73061,31.737707,-106.292507,poi
73062,27.742960,-97.440908,city
73063,45.233300,-93.291340,city
73064,35.824030,-80.253380,city
73065,34.141403,-84.744237,poi
73066,32.244826,-110.846529,poi
73067,46.069680,-96.901750,city
73068,38.894660,-104.713425,city
73071,31.512641,-97.191066,city
73072,41.455245,-87.747042,poi
73073,32.540440,-82.903750,city
73074,33.389130,-94.108585,poi
73075,32.437340,-103.159080,city
73076,40.059158,-106.387966,poi
73078,33.710886,-116.178582,poi
73079,33.306160,-111.841250,city
73080,31.450253,-83.532577,poi
73081,35.411990,-99.404260,city
73082,43.324690,-95.150000,city
73083,41.724378,-91.646188,poi
73084,44.967174,-92.375318,city
73085,30.772879,-83.298309,poi
73088,32.123540,-81.485670,city
73090,35.271230,-82.441510,city
73092,29.509749,-98.309316,poi
73093,41.589480,-88.057840,city
73094,42.256384,-83.254430,poi
73095,32.227567,-90.158776,poi
73096,45.407193,-91.734238,city
73098,44.948020,-91.150700,city
73099,43.432074,-96.711972,poi
73100,40.762762,-112.024049,poi
73101,40.108320,-104.519960,city
73103,33.575680,-83.182380,city
73106,34.385930,-96.128330,city
73112,35.318730,-82.460950,city
73114,32.124600,-96.945280,city
73117,44.781929,-117.822698,poi
73118,32.329310,-96.625270,city
73119,43.588097,-116.529700,poi
73120,42.514200,-90.656044,poi
73125,43.105010,-88.342040,city
73126,44.568264,-91.663690,poi
73127,41.803313,-87.762245,poi
73128,34.720650,-95.899160,city
73129,42.245583,-83.327073,poi
73130,32.285969,-96.545656,poi
73131,35.641898,-80.474477,poi
